[2026-02-23T08:55:39.585+0000] {manager.py:470} INFO - Processing files using up to 2 processes at a time 
[2026-02-23T08:55:39.585+0000] {manager.py:471} INFO - Process each file at most once every 30 seconds
[2026-02-23T08:55:39.586+0000] {manager.py:472} INFO - Checking for new files in /opt/airflow/dags every 300 seconds
[2026-02-23T08:55:39.586+0000] {manager.py:737} INFO - Searching for files in /opt/airflow/dags
[2026-02-23T08:55:39.596+0000] {manager.py:740} INFO - There are 1 files in /opt/airflow/dags
[2026-02-23T08:55:40.182+0000] {manager.py:878} INFO - 
================================================================================
DAG File Processing Stats

File Path                                   PID  Runtime      # DAGs    # Errors  Last Runtime    Last Run
----------------------------------------  -----  ---------  --------  ----------  --------------  ----------
/opt/airflow/dags/daily_analytics_dag.py    160  0.19s             0           0
================================================================================
[2026-02-23T08:56:11.126+0000] {manager.py:878} INFO - 
================================================================================
DAG File Processing Stats

File Path                                 PID    Runtime      # DAGs    # Errors  Last Runtime    Last Run
----------------------------------------  -----  ---------  --------  ----------  --------------  -------------------
/opt/airflow/dags/daily_analytics_dag.py                           1           0  1.62s           2026-02-23T08:55:41
================================================================================
[2026-02-23T08:56:41.733+0000] {manager.py:878} INFO - 
================================================================================
DAG File Processing Stats

File Path                                 PID    Runtime      # DAGs    # Errors  Last Runtime    Last Run
----------------------------------------  -----  ---------  --------  ----------  --------------  -------------------
/opt/airflow/dags/daily_analytics_dag.py                           1           0  1.42s           2026-02-23T08:56:13
================================================================================
[2026-02-23T08:57:12.244+0000] {manager.py:878} INFO - 
================================================================================
DAG File Processing Stats

File Path                                 PID    Runtime      # DAGs    # Errors  Last Runtime    Last Run
----------------------------------------  -----  ---------  --------  ----------  --------------  -------------------
/opt/airflow/dags/daily_analytics_dag.py                           1           0  2.25s           2026-02-23T08:56:46
================================================================================
[2026-02-23T08:57:42.563+0000] {manager.py:878} INFO - 
================================================================================
DAG File Processing Stats

File Path                                 PID    Runtime      # DAGs    # Errors  Last Runtime    Last Run
----------------------------------------  -----  ---------  --------  ----------  --------------  -------------------
/opt/airflow/dags/daily_analytics_dag.py                           1           0  0.56s           2026-02-23T08:57:16
================================================================================
[2026-02-23T08:58:13.352+0000] {manager.py:878} INFO - 
================================================================================
DAG File Processing Stats

File Path                                 PID    Runtime      # DAGs    # Errors  Last Runtime    Last Run
----------------------------------------  -----  ---------  --------  ----------  --------------  -------------------
/opt/airflow/dags/daily_analytics_dag.py                           1           0  0.14s           2026-02-23T08:57:47
================================================================================
[2026-02-23T08:58:43.743+0000] {manager.py:878} INFO - 
================================================================================
DAG File Processing Stats

File Path                                 PID    Runtime      # DAGs    # Errors  Last Runtime    Last Run
----------------------------------------  -----  ---------  --------  ----------  --------------  -------------------
/opt/airflow/dags/daily_analytics_dag.py                           1           0  0.12s           2026-02-23T08:58:17
================================================================================
[2026-02-23T08:59:14.068+0000] {manager.py:878} INFO - 
================================================================================
DAG File Processing Stats

File Path                                 PID    Runtime      # DAGs    # Errors  Last Runtime    Last Run
----------------------------------------  -----  ---------  --------  ----------  --------------  -------------------
/opt/airflow/dags/daily_analytics_dag.py                           1           0  0.20s           2026-02-23T08:58:47
================================================================================
[2026-02-23T08:59:44.467+0000] {manager.py:878} INFO - 
================================================================================
DAG File Processing Stats

File Path                                 PID    Runtime      # DAGs    # Errors  Last Runtime    Last Run
----------------------------------------  -----  ---------  --------  ----------  --------------  -------------------
/opt/airflow/dags/daily_analytics_dag.py                           1           0  0.14s           2026-02-23T08:59:18
================================================================================
[2026-02-23T09:00:14.751+0000] {manager.py:878} INFO - 
================================================================================
DAG File Processing Stats

File Path                                 PID    Runtime      # DAGs    # Errors  Last Runtime    Last Run
----------------------------------------  -----  ---------  --------  ----------  --------------  -------------------
/opt/airflow/dags/daily_analytics_dag.py                           1           0  0.15s           2026-02-23T08:59:48
================================================================================
[2026-02-23T09:00:40.068+0000] {manager.py:737} INFO - Searching for files in /opt/airflow/dags
[2026-02-23T09:00:40.086+0000] {manager.py:740} INFO - There are 1 files in /opt/airflow/dags
[2026-02-23T09:00:45.164+0000] {manager.py:878} INFO - 
================================================================================
DAG File Processing Stats

File Path                                 PID    Runtime      # DAGs    # Errors  Last Runtime    Last Run
----------------------------------------  -----  ---------  --------  ----------  --------------  -------------------
/opt/airflow/dags/daily_analytics_dag.py                           1           0  0.19s           2026-02-23T09:00:19
================================================================================
[2026-02-23T09:01:15.495+0000] {manager.py:878} INFO - 
================================================================================
DAG File Processing Stats

File Path                                 PID    Runtime      # DAGs    # Errors  Last Runtime    Last Run
----------------------------------------  -----  ---------  --------  ----------  --------------  -------------------
/opt/airflow/dags/daily_analytics_dag.py                           1           0  0.13s           2026-02-23T09:00:49
================================================================================
[2026-02-23T09:01:45.815+0000] {manager.py:878} INFO - 
================================================================================
DAG File Processing Stats

File Path                                 PID    Runtime      # DAGs    # Errors  Last Runtime    Last Run
----------------------------------------  -----  ---------  --------  ----------  --------------  -------------------
/opt/airflow/dags/daily_analytics_dag.py                           1           0  0.14s           2026-02-23T09:01:19
================================================================================
[2026-02-23T09:02:16.128+0000] {manager.py:878} INFO - 
================================================================================
DAG File Processing Stats

File Path                                 PID    Runtime      # DAGs    # Errors  Last Runtime    Last Run
----------------------------------------  -----  ---------  --------  ----------  --------------  -------------------
/opt/airflow/dags/daily_analytics_dag.py                           1           0  0.17s           2026-02-23T09:01:50
================================================================================
[2026-02-23T09:02:46.529+0000] {manager.py:878} INFO - 
================================================================================
DAG File Processing Stats

File Path                                 PID    Runtime      # DAGs    # Errors  Last Runtime    Last Run
----------------------------------------  -----  ---------  --------  ----------  --------------  -------------------
/opt/airflow/dags/daily_analytics_dag.py                           1           0  0.17s           2026-02-23T09:02:20
================================================================================
[2026-02-23T09:03:16.844+0000] {manager.py:878} INFO - 
================================================================================
DAG File Processing Stats

File Path                                 PID    Runtime      # DAGs    # Errors  Last Runtime    Last Run
----------------------------------------  -----  ---------  --------  ----------  --------------  -------------------
/opt/airflow/dags/daily_analytics_dag.py                           1           0  0.12s           2026-02-23T09:02:50
================================================================================
[2026-02-23T09:03:47.203+0000] {manager.py:878} INFO - 
================================================================================
DAG File Processing Stats

File Path                                 PID    Runtime      # DAGs    # Errors  Last Runtime    Last Run
----------------------------------------  -----  ---------  --------  ----------  --------------  -------------------
/opt/airflow/dags/daily_analytics_dag.py                           1           0  0.14s           2026-02-23T09:03:21
================================================================================
[2026-02-23T09:04:17.575+0000] {manager.py:878} INFO - 
================================================================================
DAG File Processing Stats

File Path                                 PID    Runtime      # DAGs    # Errors  Last Runtime    Last Run
----------------------------------------  -----  ---------  --------  ----------  --------------  -------------------
/opt/airflow/dags/daily_analytics_dag.py                           1           0  0.18s           2026-02-23T09:03:51
================================================================================
[2026-02-23T09:04:47.923+0000] {manager.py:878} INFO - 
================================================================================
DAG File Processing Stats

File Path                                 PID    Runtime      # DAGs    # Errors  Last Runtime    Last Run
----------------------------------------  -----  ---------  --------  ----------  --------------  -------------------
/opt/airflow/dags/daily_analytics_dag.py                           1           0  0.14s           2026-02-23T09:04:21
================================================================================
[2026-02-23T09:05:18.259+0000] {manager.py:878} INFO - 
================================================================================
DAG File Processing Stats

File Path                                 PID    Runtime      # DAGs    # Errors  Last Runtime    Last Run
----------------------------------------  -----  ---------  --------  ----------  --------------  -------------------
/opt/airflow/dags/daily_analytics_dag.py                           1           0  0.14s           2026-02-23T09:04:52
================================================================================
[2026-02-23T09:05:40.547+0000] {manager.py:737} INFO - Searching for files in /opt/airflow/dags
[2026-02-23T09:05:40.560+0000] {manager.py:740} INFO - There are 1 files in /opt/airflow/dags
[2026-02-23T09:05:48.645+0000] {manager.py:878} INFO - 
================================================================================
DAG File Processing Stats

File Path                                 PID    Runtime      # DAGs    # Errors  Last Runtime    Last Run
----------------------------------------  -----  ---------  --------  ----------  --------------  -------------------
/opt/airflow/dags/daily_analytics_dag.py                           1           0  0.18s           2026-02-23T09:05:22
================================================================================
[2026-02-23T09:06:18.973+0000] {manager.py:878} INFO - 
================================================================================
DAG File Processing Stats

File Path                                 PID    Runtime      # DAGs    # Errors  Last Runtime    Last Run
----------------------------------------  -----  ---------  --------  ----------  --------------  -------------------
/opt/airflow/dags/daily_analytics_dag.py                           1           0  0.17s           2026-02-23T09:05:52
================================================================================
[2026-02-23T09:06:49.311+0000] {manager.py:878} INFO - 
================================================================================
DAG File Processing Stats

File Path                                 PID    Runtime      # DAGs    # Errors  Last Runtime    Last Run
----------------------------------------  -----  ---------  --------  ----------  --------------  -------------------
/opt/airflow/dags/daily_analytics_dag.py                           1           0  0.17s           2026-02-23T09:06:23
================================================================================
[2026-02-23T09:07:19.593+0000] {manager.py:878} INFO - 
================================================================================
DAG File Processing Stats

File Path                                 PID    Runtime      # DAGs    # Errors  Last Runtime    Last Run
----------------------------------------  -----  ---------  --------  ----------  --------------  -------------------
/opt/airflow/dags/daily_analytics_dag.py                           1           0  0.15s           2026-02-23T09:06:53
================================================================================
[2026-02-23T09:07:49.880+0000] {manager.py:878} INFO - 
================================================================================
DAG File Processing Stats

File Path                                 PID    Runtime      # DAGs    # Errors  Last Runtime    Last Run
----------------------------------------  -----  ---------  --------  ----------  --------------  -------------------
/opt/airflow/dags/daily_analytics_dag.py                           1           0  0.20s           2026-02-23T09:07:23
================================================================================
[2026-02-23T09:08:20.232+0000] {manager.py:878} INFO - 
================================================================================
DAG File Processing Stats

File Path                                 PID    Runtime      # DAGs    # Errors  Last Runtime    Last Run
----------------------------------------  -----  ---------  --------  ----------  --------------  -------------------
/opt/airflow/dags/daily_analytics_dag.py                           1           0  0.15s           2026-02-23T09:07:54
================================================================================
[2026-02-23T09:08:50.497+0000] {manager.py:878} INFO - 
================================================================================
DAG File Processing Stats

File Path                                 PID    Runtime      # DAGs    # Errors  Last Runtime    Last Run
----------------------------------------  -----  ---------  --------  ----------  --------------  -------------------
/opt/airflow/dags/daily_analytics_dag.py                           1           0  0.11s           2026-02-23T09:08:24
================================================================================
[2026-02-23T09:09:20.809+0000] {manager.py:878} INFO - 
================================================================================
DAG File Processing Stats

File Path                                 PID    Runtime      # DAGs    # Errors  Last Runtime    Last Run
----------------------------------------  -----  ---------  --------  ----------  --------------  -------------------
/opt/airflow/dags/daily_analytics_dag.py                           1           0  0.18s           2026-02-23T09:08:54
================================================================================
[2026-02-23T09:09:51.139+0000] {manager.py:878} INFO - 
================================================================================
DAG File Processing Stats

File Path                                 PID    Runtime      # DAGs    # Errors  Last Runtime    Last Run
----------------------------------------  -----  ---------  --------  ----------  --------------  -------------------
/opt/airflow/dags/daily_analytics_dag.py                           1           0  0.14s           2026-02-23T09:09:24
================================================================================
[2026-02-23T09:10:21.515+0000] {manager.py:878} INFO - 
================================================================================
DAG File Processing Stats

File Path                                 PID    Runtime      # DAGs    # Errors  Last Runtime    Last Run
----------------------------------------  -----  ---------  --------  ----------  --------------  -------------------
/opt/airflow/dags/daily_analytics_dag.py                           1           0  0.25s           2026-02-23T09:09:55
================================================================================
[2026-02-23T09:10:40.751+0000] {manager.py:737} INFO - Searching for files in /opt/airflow/dags
[2026-02-23T09:10:40.765+0000] {manager.py:740} INFO - There are 1 files in /opt/airflow/dags
[2026-02-23T09:10:51.883+0000] {manager.py:878} INFO - 
================================================================================
DAG File Processing Stats

File Path                                 PID    Runtime      # DAGs    # Errors  Last Runtime    Last Run
----------------------------------------  -----  ---------  --------  ----------  --------------  -------------------
/opt/airflow/dags/daily_analytics_dag.py                           1           0  0.44s           2026-02-23T09:10:26
================================================================================
[2026-02-23T09:11:22.482+0000] {manager.py:878} INFO - 
================================================================================
DAG File Processing Stats

File Path                                 PID    Runtime      # DAGs    # Errors  Last Runtime    Last Run
----------------------------------------  -----  ---------  --------  ----------  --------------  -------------------
/opt/airflow/dags/daily_analytics_dag.py                           1           0  0.25s           2026-02-23T09:10:56
================================================================================
[2026-02-23T09:11:52.872+0000] {manager.py:878} INFO - 
================================================================================
DAG File Processing Stats

File Path                                 PID    Runtime      # DAGs    # Errors  Last Runtime    Last Run
----------------------------------------  -----  ---------  --------  ----------  --------------  -------------------
/opt/airflow/dags/daily_analytics_dag.py                           1           0  0.23s           2026-02-23T09:11:26
================================================================================
[2026-02-23T09:12:23.183+0000] {manager.py:878} INFO - 
================================================================================
DAG File Processing Stats

File Path                                 PID    Runtime      # DAGs    # Errors  Last Runtime    Last Run
----------------------------------------  -----  ---------  --------  ----------  --------------  -------------------
/opt/airflow/dags/daily_analytics_dag.py                           1           0  0.14s           2026-02-23T09:11:57
================================================================================
[2026-02-23T09:12:53.515+0000] {manager.py:878} INFO - 
================================================================================
DAG File Processing Stats

File Path                                 PID    Runtime      # DAGs    # Errors  Last Runtime    Last Run
----------------------------------------  -----  ---------  --------  ----------  --------------  -------------------
/opt/airflow/dags/daily_analytics_dag.py                           1           0  0.13s           2026-02-23T09:12:27
================================================================================
[2026-02-23T09:13:23.741+0000] {manager.py:878} INFO - 
================================================================================
DAG File Processing Stats

File Path                                 PID    Runtime      # DAGs    # Errors  Last Runtime    Last Run
----------------------------------------  -----  ---------  --------  ----------  --------------  -------------------
/opt/airflow/dags/daily_analytics_dag.py                           1           0  0.12s           2026-02-23T09:12:57
================================================================================
[2026-02-23T09:13:29.466+0000] {manager.py:452} INFO - Exiting gracefully upon receiving signal 15
[2026-02-23T15:09:38.684+0000] {manager.py:470} INFO - Processing files using up to 2 processes at a time 
[2026-02-23T15:09:38.687+0000] {manager.py:471} INFO - Process each file at most once every 30 seconds
[2026-02-23T15:09:38.687+0000] {manager.py:472} INFO - Checking for new files in /opt/airflow/dags every 300 seconds
[2026-02-23T15:09:38.687+0000] {manager.py:737} INFO - Searching for files in /opt/airflow/dags
[2026-02-23T15:09:38.689+0000] {manager.py:740} INFO - There are 1 files in /opt/airflow/dags
[2026-02-23T15:09:38.900+0000] {manager.py:878} INFO - 
================================================================================
DAG File Processing Stats

File Path                                   PID  Runtime      # DAGs    # Errors  Last Runtime    Last Run
----------------------------------------  -----  ---------  --------  ----------  --------------  ----------
/opt/airflow/dags/daily_analytics_dag.py    161  0.11s             0           0
================================================================================
[2026-02-23T15:10:09.042+0000] {manager.py:878} INFO - 
================================================================================
DAG File Processing Stats

File Path                                 PID    Runtime      # DAGs    # Errors  Last Runtime    Last Run
----------------------------------------  -----  ---------  --------  ----------  --------------  -------------------
/opt/airflow/dags/daily_analytics_dag.py                           1           0  0.63s           2026-02-23T15:09:39
================================================================================
[2026-02-23T15:10:39.329+0000] {manager.py:878} INFO - 
================================================================================
DAG File Processing Stats

File Path                                 PID    Runtime      # DAGs    # Errors  Last Runtime    Last Run
----------------------------------------  -----  ---------  --------  ----------  --------------  -------------------
/opt/airflow/dags/daily_analytics_dag.py                           1           0  0.51s           2026-02-23T15:10:10
================================================================================
[2026-02-23T15:11:09.630+0000] {manager.py:878} INFO - 
================================================================================
DAG File Processing Stats

File Path                                 PID    Runtime      # DAGs    # Errors  Last Runtime    Last Run
----------------------------------------  -----  ---------  --------  ----------  --------------  -------------------
/opt/airflow/dags/daily_analytics_dag.py                           1           0  0.15s           2026-02-23T15:10:40
================================================================================
[2026-02-23T15:11:39.957+0000] {manager.py:878} INFO - 
================================================================================
DAG File Processing Stats

File Path                                 PID    Runtime      # DAGs    # Errors  Last Runtime    Last Run
----------------------------------------  -----  ---------  --------  ----------  --------------  -------------------
/opt/airflow/dags/daily_analytics_dag.py                           1           0  0.14s           2026-02-23T15:11:10
================================================================================
[2026-02-23T15:12:10.239+0000] {manager.py:878} INFO - 
================================================================================
DAG File Processing Stats

File Path                                 PID    Runtime      # DAGs    # Errors  Last Runtime    Last Run
----------------------------------------  -----  ---------  --------  ----------  --------------  -------------------
/opt/airflow/dags/daily_analytics_dag.py                           1           0  0.12s           2026-02-23T15:11:41
================================================================================
[2026-02-23T15:12:40.546+0000] {manager.py:878} INFO - 
================================================================================
DAG File Processing Stats

File Path                                 PID    Runtime      # DAGs    # Errors  Last Runtime    Last Run
----------------------------------------  -----  ---------  --------  ----------  --------------  -------------------
/opt/airflow/dags/daily_analytics_dag.py                           1           0  0.16s           2026-02-23T15:12:11
================================================================================
[2026-02-23T15:13:10.825+0000] {manager.py:878} INFO - 
================================================================================
DAG File Processing Stats

File Path                                 PID    Runtime      # DAGs    # Errors  Last Runtime    Last Run
----------------------------------------  -----  ---------  --------  ----------  --------------  -------------------
/opt/airflow/dags/daily_analytics_dag.py                           1           0  0.41s           2026-02-23T15:12:41
================================================================================
[2026-02-23T15:13:41.405+0000] {manager.py:878} INFO - 
================================================================================
DAG File Processing Stats

File Path                                 PID    Runtime      # DAGs    # Errors  Last Runtime    Last Run
----------------------------------------  -----  ---------  --------  ----------  --------------  -------------------
/opt/airflow/dags/daily_analytics_dag.py                           1           0  0.15s           2026-02-23T15:13:12
================================================================================
[2026-02-23T15:14:11.702+0000] {manager.py:878} INFO - 
================================================================================
DAG File Processing Stats

File Path                                 PID    Runtime      # DAGs    # Errors  Last Runtime    Last Run
----------------------------------------  -----  ---------  --------  ----------  --------------  -------------------
/opt/airflow/dags/daily_analytics_dag.py                           1           0  0.12s           2026-02-23T15:13:42
================================================================================
[2026-02-23T15:14:39.004+0000] {manager.py:737} INFO - Searching for files in /opt/airflow/dags
[2026-02-23T15:14:39.022+0000] {manager.py:740} INFO - There are 1 files in /opt/airflow/dags
[2026-02-23T15:14:42.069+0000] {manager.py:878} INFO - 
================================================================================
DAG File Processing Stats

File Path                                 PID    Runtime      # DAGs    # Errors  Last Runtime    Last Run
----------------------------------------  -----  ---------  --------  ----------  --------------  -------------------
/opt/airflow/dags/daily_analytics_dag.py                           1           0  0.11s           2026-02-23T15:14:12
================================================================================
[2026-02-23T15:15:12.333+0000] {manager.py:878} INFO - 
================================================================================
DAG File Processing Stats

File Path                                 PID    Runtime      # DAGs    # Errors  Last Runtime    Last Run
----------------------------------------  -----  ---------  --------  ----------  --------------  -------------------
/opt/airflow/dags/daily_analytics_dag.py                           1           0  0.22s           2026-02-23T15:14:43
================================================================================
[2026-02-23T15:15:42.742+0000] {manager.py:878} INFO - 
================================================================================
DAG File Processing Stats

File Path                                 PID    Runtime      # DAGs    # Errors  Last Runtime    Last Run
----------------------------------------  -----  ---------  --------  ----------  --------------  -------------------
/opt/airflow/dags/daily_analytics_dag.py                           1           0  0.14s           2026-02-23T15:15:13
================================================================================
[2026-02-23T15:16:13.048+0000] {manager.py:878} INFO - 
================================================================================
DAG File Processing Stats

File Path                                 PID    Runtime      # DAGs    # Errors  Last Runtime    Last Run
----------------------------------------  -----  ---------  --------  ----------  --------------  -------------------
/opt/airflow/dags/daily_analytics_dag.py                           1           0  0.12s           2026-02-23T15:15:43
================================================================================
[2026-02-23T15:16:43.475+0000] {manager.py:878} INFO - 
================================================================================
DAG File Processing Stats

File Path                                 PID    Runtime      # DAGs    # Errors  Last Runtime    Last Run
----------------------------------------  -----  ---------  --------  ----------  --------------  -------------------
/opt/airflow/dags/daily_analytics_dag.py                           1           0  0.13s           2026-02-23T15:16:14
================================================================================
[2026-02-23T15:17:13.768+0000] {manager.py:878} INFO - 
================================================================================
DAG File Processing Stats

File Path                                 PID    Runtime      # DAGs    # Errors  Last Runtime    Last Run
----------------------------------------  -----  ---------  --------  ----------  --------------  -------------------
/opt/airflow/dags/daily_analytics_dag.py                           1           0  0.10s           2026-02-23T15:16:44
================================================================================
[2026-02-23T15:17:44.134+0000] {manager.py:878} INFO - 
================================================================================
DAG File Processing Stats

File Path                                 PID    Runtime      # DAGs    # Errors  Last Runtime    Last Run
----------------------------------------  -----  ---------  --------  ----------  --------------  -------------------
/opt/airflow/dags/daily_analytics_dag.py                           1           0  0.14s           2026-02-23T15:17:14
================================================================================
[2026-02-23T15:18:14.528+0000] {manager.py:878} INFO - 
================================================================================
DAG File Processing Stats

File Path                                 PID    Runtime      # DAGs    # Errors  Last Runtime    Last Run
----------------------------------------  -----  ---------  --------  ----------  --------------  -------------------
/opt/airflow/dags/daily_analytics_dag.py                           1           0  0.13s           2026-02-23T15:17:45
================================================================================
[2026-02-23T15:18:45.037+0000] {manager.py:878} INFO - 
================================================================================
DAG File Processing Stats

File Path                                 PID    Runtime      # DAGs    # Errors  Last Runtime    Last Run
----------------------------------------  -----  ---------  --------  ----------  --------------  -------------------
/opt/airflow/dags/daily_analytics_dag.py                           1           0  0.20s           2026-02-23T15:18:15
================================================================================
[2026-02-23T15:19:15.450+0000] {manager.py:878} INFO - 
================================================================================
DAG File Processing Stats

File Path                                 PID    Runtime      # DAGs    # Errors  Last Runtime    Last Run
----------------------------------------  -----  ---------  --------  ----------  --------------  -------------------
/opt/airflow/dags/daily_analytics_dag.py                           1           0  0.22s           2026-02-23T15:18:46
================================================================================
[2026-02-23T15:19:39.760+0000] {manager.py:737} INFO - Searching for files in /opt/airflow/dags
[2026-02-23T15:19:39.771+0000] {manager.py:740} INFO - There are 1 files in /opt/airflow/dags
[2026-02-23T15:19:45.866+0000] {manager.py:878} INFO - 
================================================================================
DAG File Processing Stats

File Path                                 PID    Runtime      # DAGs    # Errors  Last Runtime    Last Run
----------------------------------------  -----  ---------  --------  ----------  --------------  -------------------
/opt/airflow/dags/daily_analytics_dag.py                           1           0  0.30s           2026-02-23T15:19:16
================================================================================
[2026-02-23T15:20:16.364+0000] {manager.py:878} INFO - 
================================================================================
DAG File Processing Stats

File Path                                 PID    Runtime      # DAGs    # Errors  Last Runtime    Last Run
----------------------------------------  -----  ---------  --------  ----------  --------------  -------------------
/opt/airflow/dags/daily_analytics_dag.py                           1           0  0.65s           2026-02-23T15:19:47
================================================================================
[2026-02-23T15:20:47.039+0000] {manager.py:878} INFO - 
================================================================================
DAG File Processing Stats

File Path                                 PID    Runtime      # DAGs    # Errors  Last Runtime    Last Run
----------------------------------------  -----  ---------  --------  ----------  --------------  -------------------
/opt/airflow/dags/daily_analytics_dag.py                           1           0  0.17s           2026-02-23T15:20:17
================================================================================
[2026-02-23T15:21:17.517+0000] {manager.py:878} INFO - 
================================================================================
DAG File Processing Stats

File Path                                 PID    Runtime      # DAGs    # Errors  Last Runtime    Last Run
----------------------------------------  -----  ---------  --------  ----------  --------------  -------------------
/opt/airflow/dags/daily_analytics_dag.py                           1           0  0.14s           2026-02-23T15:20:48
================================================================================
[2026-02-23T15:21:47.939+0000] {manager.py:878} INFO - 
================================================================================
DAG File Processing Stats

File Path                                 PID    Runtime      # DAGs    # Errors  Last Runtime    Last Run
----------------------------------------  -----  ---------  --------  ----------  --------------  -------------------
/opt/airflow/dags/daily_analytics_dag.py                           1           0  0.23s           2026-02-23T15:21:18
================================================================================
[2026-02-23T15:22:18.281+0000] {manager.py:878} INFO - 
================================================================================
DAG File Processing Stats

File Path                                 PID    Runtime      # DAGs    # Errors  Last Runtime    Last Run
----------------------------------------  -----  ---------  --------  ----------  --------------  -------------------
/opt/airflow/dags/daily_analytics_dag.py                           1           0  0.14s           2026-02-23T15:21:49
================================================================================
[2026-02-23T15:22:48.636+0000] {manager.py:878} INFO - 
================================================================================
DAG File Processing Stats

File Path                                 PID    Runtime      # DAGs    # Errors  Last Runtime    Last Run
----------------------------------------  -----  ---------  --------  ----------  --------------  -------------------
/opt/airflow/dags/daily_analytics_dag.py                           1           0  0.17s           2026-02-23T15:22:19
================================================================================
[2026-02-23T15:23:18.972+0000] {manager.py:878} INFO - 
================================================================================
DAG File Processing Stats

File Path                                 PID    Runtime      # DAGs    # Errors  Last Runtime    Last Run
----------------------------------------  -----  ---------  --------  ----------  --------------  -------------------
/opt/airflow/dags/daily_analytics_dag.py                           1           0  0.23s           2026-02-23T15:22:49
================================================================================
[2026-02-23T15:23:49.337+0000] {manager.py:878} INFO - 
================================================================================
DAG File Processing Stats

File Path                                 PID    Runtime      # DAGs    # Errors  Last Runtime    Last Run
----------------------------------------  -----  ---------  --------  ----------  --------------  -------------------
/opt/airflow/dags/daily_analytics_dag.py                           1           0  0.11s           2026-02-23T15:23:20
================================================================================
[2026-02-23T15:24:19.609+0000] {manager.py:878} INFO - 
================================================================================
DAG File Processing Stats

File Path                                 PID    Runtime      # DAGs    # Errors  Last Runtime    Last Run
----------------------------------------  -----  ---------  --------  ----------  --------------  -------------------
/opt/airflow/dags/daily_analytics_dag.py                           1           0  0.13s           2026-02-23T15:23:50
================================================================================
[2026-02-23T15:24:39.849+0000] {manager.py:737} INFO - Searching for files in /opt/airflow/dags
[2026-02-23T15:24:39.885+0000] {manager.py:740} INFO - There are 1 files in /opt/airflow/dags
[2026-02-23T15:24:50.043+0000] {manager.py:878} INFO - 
================================================================================
DAG File Processing Stats

File Path                                 PID    Runtime      # DAGs    # Errors  Last Runtime    Last Run
----------------------------------------  -----  ---------  --------  ----------  --------------  -------------------
/opt/airflow/dags/daily_analytics_dag.py                           1           0  0.17s           2026-02-23T15:24:20
================================================================================
[2026-02-23T15:25:20.455+0000] {manager.py:878} INFO - 
================================================================================
DAG File Processing Stats

File Path                                 PID    Runtime      # DAGs    # Errors  Last Runtime    Last Run
----------------------------------------  -----  ---------  --------  ----------  --------------  -------------------
/opt/airflow/dags/daily_analytics_dag.py                           1           0  0.13s           2026-02-23T15:24:51
================================================================================
[2026-02-23T15:25:50.737+0000] {manager.py:878} INFO - 
================================================================================
DAG File Processing Stats

File Path                                 PID    Runtime      # DAGs    # Errors  Last Runtime    Last Run
----------------------------------------  -----  ---------  --------  ----------  --------------  -------------------
/opt/airflow/dags/daily_analytics_dag.py                           1           0  0.13s           2026-02-23T15:25:21
================================================================================
[2026-02-23T15:26:21.004+0000] {manager.py:878} INFO - 
================================================================================
DAG File Processing Stats

File Path                                 PID    Runtime      # DAGs    # Errors  Last Runtime    Last Run
----------------------------------------  -----  ---------  --------  ----------  --------------  -------------------
/opt/airflow/dags/daily_analytics_dag.py                           1           0  0.10s           2026-02-23T15:25:51
================================================================================
[2026-02-23T15:26:51.557+0000] {manager.py:878} INFO - 
================================================================================
DAG File Processing Stats

File Path                                 PID    Runtime      # DAGs    # Errors  Last Runtime    Last Run
----------------------------------------  -----  ---------  --------  ----------  --------------  -------------------
/opt/airflow/dags/daily_analytics_dag.py                           1           0  0.15s           2026-02-23T15:26:22
================================================================================
[2026-02-23T15:27:21.822+0000] {manager.py:878} INFO - 
================================================================================
DAG File Processing Stats

File Path                                 PID    Runtime      # DAGs    # Errors  Last Runtime    Last Run
----------------------------------------  -----  ---------  --------  ----------  --------------  -------------------
/opt/airflow/dags/daily_analytics_dag.py                           1           0  0.13s           2026-02-23T15:26:52
================================================================================
[2026-02-23T15:27:52.164+0000] {manager.py:878} INFO - 
================================================================================
DAG File Processing Stats

File Path                                 PID    Runtime      # DAGs    # Errors  Last Runtime    Last Run
----------------------------------------  -----  ---------  --------  ----------  --------------  -------------------
/opt/airflow/dags/daily_analytics_dag.py                           1           0  0.11s           2026-02-23T15:27:22
================================================================================
[2026-02-23T15:28:22.565+0000] {manager.py:878} INFO - 
================================================================================
DAG File Processing Stats

File Path                                 PID    Runtime      # DAGs    # Errors  Last Runtime    Last Run
----------------------------------------  -----  ---------  --------  ----------  --------------  -------------------
/opt/airflow/dags/daily_analytics_dag.py                           1           0  0.28s           2026-02-23T15:27:53
================================================================================
[2026-02-23T15:28:52.918+0000] {manager.py:878} INFO - 
================================================================================
DAG File Processing Stats

File Path                                 PID    Runtime      # DAGs    # Errors  Last Runtime    Last Run
----------------------------------------  -----  ---------  --------  ----------  --------------  -------------------
/opt/airflow/dags/daily_analytics_dag.py                           1           0  0.14s           2026-02-23T15:28:23
================================================================================
[2026-02-23T15:29:23.348+0000] {manager.py:878} INFO - 
================================================================================
DAG File Processing Stats

File Path                                 PID    Runtime      # DAGs    # Errors  Last Runtime    Last Run
----------------------------------------  -----  ---------  --------  ----------  --------------  -------------------
/opt/airflow/dags/daily_analytics_dag.py                           1           0  0.15s           2026-02-23T15:28:54
================================================================================
[2026-02-23T15:29:40.503+0000] {manager.py:737} INFO - Searching for files in /opt/airflow/dags
[2026-02-23T15:29:40.516+0000] {manager.py:740} INFO - There are 1 files in /opt/airflow/dags
[2026-02-23T15:29:53.625+0000] {manager.py:878} INFO - 
================================================================================
DAG File Processing Stats

File Path                                 PID    Runtime      # DAGs    # Errors  Last Runtime    Last Run
----------------------------------------  -----  ---------  --------  ----------  --------------  -------------------
/opt/airflow/dags/daily_analytics_dag.py                           1           0  0.15s           2026-02-23T15:29:24
================================================================================
[2026-02-23T15:30:23.869+0000] {manager.py:878} INFO - 
================================================================================
DAG File Processing Stats

File Path                                 PID    Runtime      # DAGs    # Errors  Last Runtime    Last Run
----------------------------------------  -----  ---------  --------  ----------  --------------  -------------------
/opt/airflow/dags/daily_analytics_dag.py                           1           0  0.06s           2026-02-23T15:29:54
================================================================================
[2026-02-23T15:30:54.123+0000] {manager.py:878} INFO - 
================================================================================
DAG File Processing Stats

File Path                                 PID    Runtime      # DAGs    # Errors  Last Runtime    Last Run
----------------------------------------  -----  ---------  --------  ----------  --------------  -------------------
/opt/airflow/dags/daily_analytics_dag.py                           1           0  0.12s           2026-02-23T15:30:25
================================================================================
[2026-02-23T15:31:24.424+0000] {manager.py:878} INFO - 
================================================================================
DAG File Processing Stats

File Path                                 PID    Runtime      # DAGs    # Errors  Last Runtime    Last Run
----------------------------------------  -----  ---------  --------  ----------  --------------  -------------------
/opt/airflow/dags/daily_analytics_dag.py                           1           0  0.18s           2026-02-23T15:30:55
================================================================================
[2026-02-23T15:31:54.721+0000] {manager.py:878} INFO - 
================================================================================
DAG File Processing Stats

File Path                                 PID    Runtime      # DAGs    # Errors  Last Runtime    Last Run
----------------------------------------  -----  ---------  --------  ----------  --------------  -------------------
/opt/airflow/dags/daily_analytics_dag.py                           1           0  0.12s           2026-02-23T15:31:25
================================================================================
[2026-02-23T15:32:24.985+0000] {manager.py:878} INFO - 
================================================================================
DAG File Processing Stats

File Path                                 PID    Runtime      # DAGs    # Errors  Last Runtime    Last Run
----------------------------------------  -----  ---------  --------  ----------  --------------  -------------------
/opt/airflow/dags/daily_analytics_dag.py                           1           0  0.34s           2026-02-23T15:31:56
================================================================================
[2026-02-23T15:32:55.627+0000] {manager.py:878} INFO - 
================================================================================
DAG File Processing Stats

File Path                                 PID    Runtime      # DAGs    # Errors  Last Runtime    Last Run
----------------------------------------  -----  ---------  --------  ----------  --------------  -------------------
/opt/airflow/dags/daily_analytics_dag.py                           1           0  0.16s           2026-02-23T15:32:26
================================================================================
[2026-02-23T15:33:25.928+0000] {manager.py:878} INFO - 
================================================================================
DAG File Processing Stats

File Path                                 PID    Runtime      # DAGs    # Errors  Last Runtime    Last Run
----------------------------------------  -----  ---------  --------  ----------  --------------  -------------------
/opt/airflow/dags/daily_analytics_dag.py                           1           0  0.12s           2026-02-23T15:32:56
================================================================================
[2026-02-23T15:33:56.227+0000] {manager.py:878} INFO - 
================================================================================
DAG File Processing Stats

File Path                                 PID    Runtime      # DAGs    # Errors  Last Runtime    Last Run
----------------------------------------  -----  ---------  --------  ----------  --------------  -------------------
/opt/airflow/dags/daily_analytics_dag.py                           1           0  0.14s           2026-02-23T15:33:27
================================================================================
[2026-02-23T15:33:57.519+0000] {manager.py:452} INFO - Exiting gracefully upon receiving signal 15
[2026-02-23T15:33:57.531+0000] {manager.py:452} INFO - Exiting gracefully upon receiving signal 15
[2026-02-23T15:33:59.367+0000] {manager.py:452} INFO - Exiting gracefully upon receiving signal 15
[2026-02-23T15:49:16.074+0000] {manager.py:470} INFO - Processing files using up to 2 processes at a time 
[2026-02-23T15:49:16.074+0000] {manager.py:471} INFO - Process each file at most once every 30 seconds
[2026-02-23T15:49:16.075+0000] {manager.py:472} INFO - Checking for new files in /opt/airflow/dags every 300 seconds
[2026-02-23T15:49:16.075+0000] {manager.py:737} INFO - Searching for files in /opt/airflow/dags
[2026-02-23T15:49:16.077+0000] {manager.py:740} INFO - There are 1 files in /opt/airflow/dags
[2026-02-23T15:49:16.249+0000] {manager.py:878} INFO - 
================================================================================
DAG File Processing Stats

File Path                                   PID  Runtime      # DAGs    # Errors  Last Runtime    Last Run
----------------------------------------  -----  ---------  --------  ----------  --------------  ----------
/opt/airflow/dags/daily_analytics_dag.py    160  0.07s             0           0
================================================================================
[2026-02-23T15:49:46.489+0000] {manager.py:878} INFO - 
================================================================================
DAG File Processing Stats

File Path                                 PID    Runtime      # DAGs    # Errors  Last Runtime    Last Run
----------------------------------------  -----  ---------  --------  ----------  --------------  -------------------
/opt/airflow/dags/daily_analytics_dag.py                           1           0  0.42s           2026-02-23T15:49:16
================================================================================
[2026-02-23T15:50:17.178+0000] {manager.py:878} INFO - 
================================================================================
DAG File Processing Stats

File Path                                   PID  Runtime      # DAGs    # Errors  Last Runtime    Last Run
----------------------------------------  -----  ---------  --------  ----------  --------------  -------------------
/opt/airflow/dags/daily_analytics_dag.py    170  0.04s             1           0  0.18s           2026-02-23T15:49:46
================================================================================
[2026-02-23T15:50:47.445+0000] {manager.py:878} INFO - 
================================================================================
DAG File Processing Stats

File Path                                   PID  Runtime      # DAGs    # Errors  Last Runtime    Last Run
----------------------------------------  -----  ---------  --------  ----------  --------------  -------------------
/opt/airflow/dags/daily_analytics_dag.py    175  0.03s             1           0  0.23s           2026-02-23T15:50:17
================================================================================
[2026-02-23T15:51:17.779+0000] {manager.py:878} INFO - 
================================================================================
DAG File Processing Stats

File Path                                   PID  Runtime      # DAGs    # Errors  Last Runtime    Last Run
----------------------------------------  -----  ---------  --------  ----------  --------------  -------------------
/opt/airflow/dags/daily_analytics_dag.py    180  0.04s             1           0  0.14s           2026-02-23T15:50:47
================================================================================
[2026-02-23T15:51:48.109+0000] {manager.py:878} INFO - 
================================================================================
DAG File Processing Stats

File Path                                   PID  Runtime      # DAGs    # Errors  Last Runtime    Last Run
----------------------------------------  -----  ---------  --------  ----------  --------------  -------------------
/opt/airflow/dags/daily_analytics_dag.py    185  0.02s             1           0  0.23s           2026-02-23T15:51:17
================================================================================
[2026-02-23T15:52:18.359+0000] {manager.py:878} INFO - 
================================================================================
DAG File Processing Stats

File Path                                   PID  Runtime      # DAGs    # Errors  Last Runtime    Last Run
----------------------------------------  -----  ---------  --------  ----------  --------------  -------------------
/opt/airflow/dags/daily_analytics_dag.py    190  0.03s             1           0  0.11s           2026-02-23T15:51:48
================================================================================
[2026-02-23T15:52:48.786+0000] {manager.py:878} INFO - 
================================================================================
DAG File Processing Stats

File Path                                   PID  Runtime      # DAGs    # Errors  Last Runtime    Last Run
----------------------------------------  -----  ---------  --------  ----------  --------------  -------------------
/opt/airflow/dags/daily_analytics_dag.py    195  0.04s             1           0  0.17s           2026-02-23T15:52:18
================================================================================
[2026-02-23T15:53:19.160+0000] {manager.py:878} INFO - 
================================================================================
DAG File Processing Stats

File Path                                   PID  Runtime      # DAGs    # Errors  Last Runtime    Last Run
----------------------------------------  -----  ---------  --------  ----------  --------------  -------------------
/opt/airflow/dags/daily_analytics_dag.py    200  0.04s             1           0  0.18s           2026-02-23T15:52:48
================================================================================
[2026-02-23T15:53:49.482+0000] {manager.py:878} INFO - 
================================================================================
DAG File Processing Stats

File Path                                   PID  Runtime      # DAGs    # Errors  Last Runtime    Last Run
----------------------------------------  -----  ---------  --------  ----------  --------------  -------------------
/opt/airflow/dags/daily_analytics_dag.py    205  0.03s             1           0  0.18s           2026-02-23T15:53:19
================================================================================
[2026-02-23T15:54:16.717+0000] {manager.py:737} INFO - Searching for files in /opt/airflow/dags
[2026-02-23T15:54:16.733+0000] {manager.py:740} INFO - There are 1 files in /opt/airflow/dags
[2026-02-23T15:54:19.812+0000] {manager.py:878} INFO - 
================================================================================
DAG File Processing Stats

File Path                                   PID  Runtime      # DAGs    # Errors  Last Runtime    Last Run
----------------------------------------  -----  ---------  --------  ----------  --------------  -------------------
/opt/airflow/dags/daily_analytics_dag.py    210  0.02s             1           0  0.13s           2026-02-23T15:53:49
================================================================================
[2026-02-23T15:54:50.079+0000] {manager.py:878} INFO - 
================================================================================
DAG File Processing Stats

File Path                                   PID  Runtime      # DAGs    # Errors  Last Runtime    Last Run
----------------------------------------  -----  ---------  --------  ----------  --------------  -------------------
/opt/airflow/dags/daily_analytics_dag.py    215  0.02s             1           0  0.14s           2026-02-23T15:54:19
================================================================================
[2026-02-23T15:55:20.475+0000] {manager.py:878} INFO - 
================================================================================
DAG File Processing Stats

File Path                                   PID  Runtime      # DAGs    # Errors  Last Runtime    Last Run
----------------------------------------  -----  ---------  --------  ----------  --------------  -------------------
/opt/airflow/dags/daily_analytics_dag.py    220  0.04s             1           0  0.13s           2026-02-23T15:54:50
================================================================================
[2026-02-23T15:55:50.786+0000] {manager.py:878} INFO - 
================================================================================
DAG File Processing Stats

File Path                                   PID  Runtime      # DAGs    # Errors  Last Runtime    Last Run
----------------------------------------  -----  ---------  --------  ----------  --------------  -------------------
/opt/airflow/dags/daily_analytics_dag.py    225  0.04s             1           0  0.13s           2026-02-23T15:55:20
================================================================================
[2026-02-23T15:56:21.190+0000] {manager.py:878} INFO - 
================================================================================
DAG File Processing Stats

File Path                                   PID  Runtime      # DAGs    # Errors  Last Runtime    Last Run
----------------------------------------  -----  ---------  --------  ----------  --------------  -------------------
/opt/airflow/dags/daily_analytics_dag.py    230  0.03s             1           0  0.16s           2026-02-23T15:55:50
================================================================================
[2026-02-23T15:56:51.485+0000] {manager.py:878} INFO - 
================================================================================
DAG File Processing Stats

File Path                                   PID  Runtime      # DAGs    # Errors  Last Runtime    Last Run
----------------------------------------  -----  ---------  --------  ----------  --------------  -------------------
/opt/airflow/dags/daily_analytics_dag.py    235  0.03s             1           0  0.11s           2026-02-23T15:56:21
================================================================================
[2026-02-23T15:57:21.772+0000] {manager.py:878} INFO - 
================================================================================
DAG File Processing Stats

File Path                                   PID  Runtime      # DAGs    # Errors  Last Runtime    Last Run
----------------------------------------  -----  ---------  --------  ----------  --------------  -------------------
/opt/airflow/dags/daily_analytics_dag.py    240  0.02s             1           0  0.12s           2026-02-23T15:56:51
================================================================================
[2026-02-23T15:57:52.114+0000] {manager.py:878} INFO - 
================================================================================
DAG File Processing Stats

File Path                                   PID  Runtime      # DAGs    # Errors  Last Runtime    Last Run
----------------------------------------  -----  ---------  --------  ----------  --------------  -------------------
/opt/airflow/dags/daily_analytics_dag.py    245  0.03s             1           0  0.12s           2026-02-23T15:57:21
================================================================================
[2026-02-23T15:58:22.373+0000] {manager.py:878} INFO - 
================================================================================
DAG File Processing Stats

File Path                                   PID  Runtime      # DAGs    # Errors  Last Runtime    Last Run
----------------------------------------  -----  ---------  --------  ----------  --------------  -------------------
/opt/airflow/dags/daily_analytics_dag.py    250  0.02s             1           0  0.12s           2026-02-23T15:57:52
================================================================================
[2026-02-23T15:58:52.599+0000] {manager.py:878} INFO - 
================================================================================
DAG File Processing Stats

File Path                                   PID  Runtime      # DAGs    # Errors  Last Runtime    Last Run
----------------------------------------  -----  ---------  --------  ----------  --------------  -------------------
/opt/airflow/dags/daily_analytics_dag.py    255  0.01s             1           0  0.10s           2026-02-23T15:58:22
================================================================================
[2026-02-23T15:59:16.829+0000] {manager.py:737} INFO - Searching for files in /opt/airflow/dags
[2026-02-23T15:59:16.840+0000] {manager.py:740} INFO - There are 1 files in /opt/airflow/dags
[2026-02-23T15:59:22.933+0000] {manager.py:878} INFO - 
================================================================================
DAG File Processing Stats

File Path                                   PID  Runtime      # DAGs    # Errors  Last Runtime    Last Run
----------------------------------------  -----  ---------  --------  ----------  --------------  -------------------
/opt/airflow/dags/daily_analytics_dag.py    260  0.02s             1           0  0.16s           2026-02-23T15:58:52
================================================================================
[2026-02-23T15:59:53.228+0000] {manager.py:878} INFO - 
================================================================================
DAG File Processing Stats

File Path                                   PID  Runtime      # DAGs    # Errors  Last Runtime    Last Run
----------------------------------------  -----  ---------  --------  ----------  --------------  -------------------
/opt/airflow/dags/daily_analytics_dag.py    265  0.03s             1           0  0.11s           2026-02-23T15:59:23
================================================================================
[2026-02-23T16:00:23.580+0000] {manager.py:878} INFO - 
================================================================================
DAG File Processing Stats

File Path                                   PID  Runtime      # DAGs    # Errors  Last Runtime    Last Run
----------------------------------------  -----  ---------  --------  ----------  --------------  -------------------
/opt/airflow/dags/daily_analytics_dag.py    270  0.04s             1           0  0.11s           2026-02-23T15:59:53
================================================================================
[2026-02-23T16:00:53.862+0000] {manager.py:878} INFO - 
================================================================================
DAG File Processing Stats

File Path                                   PID  Runtime      # DAGs    # Errors  Last Runtime    Last Run
----------------------------------------  -----  ---------  --------  ----------  --------------  -------------------
/opt/airflow/dags/daily_analytics_dag.py    275  0.03s             1           0  0.14s           2026-02-23T16:00:23
================================================================================
[2026-02-23T16:01:24.199+0000] {manager.py:878} INFO - 
================================================================================
DAG File Processing Stats

File Path                                   PID  Runtime      # DAGs    # Errors  Last Runtime    Last Run
----------------------------------------  -----  ---------  --------  ----------  --------------  -------------------
/opt/airflow/dags/daily_analytics_dag.py    280  0.06s             1           0  0.11s           2026-02-23T16:00:53
================================================================================
[2026-02-23T16:01:54.451+0000] {manager.py:878} INFO - 
================================================================================
DAG File Processing Stats

File Path                                   PID  Runtime      # DAGs    # Errors  Last Runtime    Last Run
----------------------------------------  -----  ---------  --------  ----------  --------------  -------------------
/opt/airflow/dags/daily_analytics_dag.py    285  0.03s             1           0  0.17s           2026-02-23T16:01:24
================================================================================
[2026-02-23T16:02:24.794+0000] {manager.py:878} INFO - 
================================================================================
DAG File Processing Stats

File Path                                   PID  Runtime      # DAGs    # Errors  Last Runtime    Last Run
----------------------------------------  -----  ---------  --------  ----------  --------------  -------------------
/opt/airflow/dags/daily_analytics_dag.py    290  0.03s             1           0  0.11s           2026-02-23T16:01:54
================================================================================
[2026-02-23T16:02:55.090+0000] {manager.py:878} INFO - 
================================================================================
DAG File Processing Stats

File Path                                   PID  Runtime      # DAGs    # Errors  Last Runtime    Last Run
----------------------------------------  -----  ---------  --------  ----------  --------------  -------------------
/opt/airflow/dags/daily_analytics_dag.py    295  0.02s             1           0  0.12s           2026-02-23T16:02:24
================================================================================
[2026-02-23T16:03:25.368+0000] {manager.py:878} INFO - 
================================================================================
DAG File Processing Stats

File Path                                   PID  Runtime      # DAGs    # Errors  Last Runtime    Last Run
----------------------------------------  -----  ---------  --------  ----------  --------------  -------------------
/opt/airflow/dags/daily_analytics_dag.py    300  0.03s             1           0  0.09s           2026-02-23T16:02:55
================================================================================
[2026-02-23T16:03:55.642+0000] {manager.py:878} INFO - 
================================================================================
DAG File Processing Stats

File Path                                   PID  Runtime      # DAGs    # Errors  Last Runtime    Last Run
----------------------------------------  -----  ---------  --------  ----------  --------------  -------------------
/opt/airflow/dags/daily_analytics_dag.py    305  0.01s             1           0  0.11s           2026-02-23T16:03:25
================================================================================
[2026-02-23T16:04:16.847+0000] {manager.py:737} INFO - Searching for files in /opt/airflow/dags
[2026-02-23T16:04:16.864+0000] {manager.py:740} INFO - There are 1 files in /opt/airflow/dags
[2026-02-23T16:04:26.027+0000] {manager.py:878} INFO - 
================================================================================
DAG File Processing Stats

File Path                                   PID  Runtime      # DAGs    # Errors  Last Runtime    Last Run
----------------------------------------  -----  ---------  --------  ----------  --------------  -------------------
/opt/airflow/dags/daily_analytics_dag.py    310  0.04s             1           0  0.08s           2026-02-23T16:03:55
================================================================================
[2026-02-23T16:04:56.299+0000] {manager.py:878} INFO - 
================================================================================
DAG File Processing Stats

File Path                                   PID  Runtime      # DAGs    # Errors  Last Runtime    Last Run
----------------------------------------  -----  ---------  --------  ----------  --------------  -------------------
/opt/airflow/dags/daily_analytics_dag.py    315  0.02s             1           0  0.12s           2026-02-23T16:04:26
================================================================================
[2026-02-23T16:05:26.644+0000] {manager.py:878} INFO - 
================================================================================
DAG File Processing Stats

File Path                                   PID  Runtime      # DAGs    # Errors  Last Runtime    Last Run
----------------------------------------  -----  ---------  --------  ----------  --------------  -------------------
/opt/airflow/dags/daily_analytics_dag.py    320  0.03s             1           0  0.10s           2026-02-23T16:04:56
================================================================================
[2026-02-23T16:05:56.896+0000] {manager.py:878} INFO - 
================================================================================
DAG File Processing Stats

File Path                                   PID  Runtime      # DAGs    # Errors  Last Runtime    Last Run
----------------------------------------  -----  ---------  --------  ----------  --------------  -------------------
/opt/airflow/dags/daily_analytics_dag.py    325  0.02s             1           0  0.11s           2026-02-23T16:05:26
================================================================================
[2026-02-23T16:06:27.253+0000] {manager.py:878} INFO - 
================================================================================
DAG File Processing Stats

File Path                                   PID  Runtime      # DAGs    # Errors  Last Runtime    Last Run
----------------------------------------  -----  ---------  --------  ----------  --------------  -------------------
/opt/airflow/dags/daily_analytics_dag.py    330  0.03s             1           0  0.10s           2026-02-23T16:05:56
================================================================================
[2026-02-23T16:06:57.557+0000] {manager.py:878} INFO - 
================================================================================
DAG File Processing Stats

File Path                                   PID  Runtime      # DAGs    # Errors  Last Runtime    Last Run
----------------------------------------  -----  ---------  --------  ----------  --------------  -------------------
/opt/airflow/dags/daily_analytics_dag.py    335  0.01s             1           0  0.11s           2026-02-23T16:06:27
================================================================================
[2026-02-23T16:07:27.879+0000] {manager.py:878} INFO - 
================================================================================
DAG File Processing Stats

File Path                                   PID  Runtime      # DAGs    # Errors  Last Runtime    Last Run
----------------------------------------  -----  ---------  --------  ----------  --------------  -------------------
/opt/airflow/dags/daily_analytics_dag.py    340  0.02s             1           0  0.10s           2026-02-23T16:06:57
================================================================================
[2026-02-23T16:07:58.205+0000] {manager.py:878} INFO - 
================================================================================
DAG File Processing Stats

File Path                                   PID  Runtime      # DAGs    # Errors  Last Runtime    Last Run
----------------------------------------  -----  ---------  --------  ----------  --------------  -------------------
/opt/airflow/dags/daily_analytics_dag.py    345  0.04s             1           0  0.15s           2026-02-23T16:07:28
================================================================================
[2026-02-23T16:08:28.561+0000] {manager.py:878} INFO - 
================================================================================
DAG File Processing Stats

File Path                                   PID  Runtime      # DAGs    # Errors  Last Runtime    Last Run
----------------------------------------  -----  ---------  --------  ----------  --------------  -------------------
/opt/airflow/dags/daily_analytics_dag.py    350  0.02s             1           0  0.13s           2026-02-23T16:07:58
================================================================================
[2026-02-23T16:08:58.895+0000] {manager.py:878} INFO - 
================================================================================
DAG File Processing Stats

File Path                                   PID  Runtime      # DAGs    # Errors  Last Runtime    Last Run
----------------------------------------  -----  ---------  --------  ----------  --------------  -------------------
/opt/airflow/dags/daily_analytics_dag.py    355  0.03s             1           0  0.11s           2026-02-23T16:08:28
================================================================================
[2026-02-23T16:09:17.074+0000] {manager.py:737} INFO - Searching for files in /opt/airflow/dags
[2026-02-23T16:09:17.100+0000] {manager.py:740} INFO - There are 1 files in /opt/airflow/dags
[2026-02-23T16:09:29.316+0000] {manager.py:878} INFO - 
================================================================================
DAG File Processing Stats

File Path                                   PID  Runtime      # DAGs    # Errors  Last Runtime    Last Run
----------------------------------------  -----  ---------  --------  ----------  --------------  -------------------
/opt/airflow/dags/daily_analytics_dag.py    360  0.02s             1           0  0.14s           2026-02-23T16:08:59
================================================================================
[2026-02-23T16:09:59.814+0000] {manager.py:878} INFO - 
================================================================================
DAG File Processing Stats

File Path                                   PID  Runtime      # DAGs    # Errors  Last Runtime    Last Run
----------------------------------------  -----  ---------  --------  ----------  --------------  -------------------
/opt/airflow/dags/daily_analytics_dag.py    365  0.03s             1           0  0.13s           2026-02-23T16:09:29
================================================================================
[2026-02-23T16:10:30.237+0000] {manager.py:878} INFO - 
================================================================================
DAG File Processing Stats

File Path                                   PID  Runtime      # DAGs    # Errors  Last Runtime    Last Run
----------------------------------------  -----  ---------  --------  ----------  --------------  -------------------
/opt/airflow/dags/daily_analytics_dag.py    370  0.05s             1           0  0.14s           2026-02-23T16:09:59
================================================================================
[2026-02-23T16:11:00.657+0000] {manager.py:878} INFO - 
================================================================================
DAG File Processing Stats

File Path                                 PID    Runtime      # DAGs    # Errors  Last Runtime    Last Run
----------------------------------------  -----  ---------  --------  ----------  --------------  -------------------
/opt/airflow/dags/daily_analytics_dag.py                           1           0  0.45s           2026-02-23T16:10:59
================================================================================
[2026-02-23T16:11:31.535+0000] {manager.py:878} INFO - 
================================================================================
DAG File Processing Stats

File Path                                 PID    Runtime      # DAGs    # Errors  Last Runtime    Last Run
----------------------------------------  -----  ---------  --------  ----------  --------------  -------------------
/opt/airflow/dags/daily_analytics_dag.py                           1           0  0.19s           2026-02-23T16:11:29
================================================================================
[2026-02-23T16:12:01.827+0000] {manager.py:878} INFO - 
================================================================================
DAG File Processing Stats

File Path                                 PID    Runtime      # DAGs    # Errors  Last Runtime    Last Run
----------------------------------------  -----  ---------  --------  ----------  --------------  -------------------
/opt/airflow/dags/daily_analytics_dag.py                           1           0  0.10s           2026-02-23T16:11:59
================================================================================
[2026-02-23T16:12:32.145+0000] {manager.py:878} INFO - 
================================================================================
DAG File Processing Stats

File Path                                 PID    Runtime      # DAGs    # Errors  Last Runtime    Last Run
----------------------------------------  -----  ---------  --------  ----------  --------------  -------------------
/opt/airflow/dags/daily_analytics_dag.py                           1           0  0.13s           2026-02-23T16:12:30
================================================================================
[2026-02-23T16:13:02.425+0000] {manager.py:878} INFO - 
================================================================================
DAG File Processing Stats

File Path                                 PID    Runtime      # DAGs    # Errors  Last Runtime    Last Run
----------------------------------------  -----  ---------  --------  ----------  --------------  -------------------
/opt/airflow/dags/daily_analytics_dag.py                           1           0  0.13s           2026-02-23T16:13:00
================================================================================
[2026-02-23T16:13:32.750+0000] {manager.py:878} INFO - 
================================================================================
DAG File Processing Stats

File Path                                 PID    Runtime      # DAGs    # Errors  Last Runtime    Last Run
----------------------------------------  -----  ---------  --------  ----------  --------------  -------------------
/opt/airflow/dags/daily_analytics_dag.py                           1           0  0.13s           2026-02-23T16:13:30
================================================================================
[2026-02-23T16:14:03.004+0000] {manager.py:878} INFO - 
================================================================================
DAG File Processing Stats

File Path                                 PID    Runtime      # DAGs    # Errors  Last Runtime    Last Run
----------------------------------------  -----  ---------  --------  ----------  --------------  -------------------
/opt/airflow/dags/daily_analytics_dag.py                           1           0  0.14s           2026-02-23T16:14:01
================================================================================
[2026-02-23T16:14:17.115+0000] {manager.py:737} INFO - Searching for files in /opt/airflow/dags
[2026-02-23T16:14:17.128+0000] {manager.py:740} INFO - There are 1 files in /opt/airflow/dags
[2026-02-23T16:14:33.338+0000] {manager.py:878} INFO - 
================================================================================
DAG File Processing Stats

File Path                                 PID    Runtime      # DAGs    # Errors  Last Runtime    Last Run
----------------------------------------  -----  ---------  --------  ----------  --------------  -------------------
/opt/airflow/dags/daily_analytics_dag.py                           1           0  0.14s           2026-02-23T16:14:31
================================================================================
[2026-02-23T16:15:03.734+0000] {manager.py:878} INFO - 
================================================================================
DAG File Processing Stats

File Path                                 PID    Runtime      # DAGs    # Errors  Last Runtime    Last Run
----------------------------------------  -----  ---------  --------  ----------  --------------  -------------------
/opt/airflow/dags/daily_analytics_dag.py                           1           0  0.17s           2026-02-23T16:15:01
================================================================================
[2026-02-23T16:15:34.151+0000] {manager.py:878} INFO - 
================================================================================
DAG File Processing Stats

File Path                                 PID    Runtime      # DAGs    # Errors  Last Runtime    Last Run
----------------------------------------  -----  ---------  --------  ----------  --------------  -------------------
/opt/airflow/dags/daily_analytics_dag.py                           1           0  0.36s           2026-02-23T16:15:32
================================================================================
[2026-02-23T16:16:04.608+0000] {manager.py:878} INFO - 
================================================================================
DAG File Processing Stats

File Path                                 PID    Runtime      # DAGs    # Errors  Last Runtime    Last Run
----------------------------------------  -----  ---------  --------  ----------  --------------  -------------------
/opt/airflow/dags/daily_analytics_dag.py                           1           0  0.17s           2026-02-23T16:16:02
================================================================================
[2026-02-23T16:16:34.926+0000] {manager.py:878} INFO - 
================================================================================
DAG File Processing Stats

File Path                                 PID    Runtime      # DAGs    # Errors  Last Runtime    Last Run
----------------------------------------  -----  ---------  --------  ----------  --------------  -------------------
/opt/airflow/dags/daily_analytics_dag.py                           1           0  0.12s           2026-02-23T16:16:32
================================================================================
[2026-02-23T16:17:05.188+0000] {manager.py:878} INFO - 
================================================================================
DAG File Processing Stats

File Path                                 PID    Runtime      # DAGs    # Errors  Last Runtime    Last Run
----------------------------------------  -----  ---------  --------  ----------  --------------  -------------------
/opt/airflow/dags/daily_analytics_dag.py                           1           0  0.16s           2026-02-23T16:17:03
================================================================================
[2026-02-23T16:17:35.513+0000] {manager.py:878} INFO - 
================================================================================
DAG File Processing Stats

File Path                                 PID    Runtime      # DAGs    # Errors  Last Runtime    Last Run
----------------------------------------  -----  ---------  --------  ----------  --------------  -------------------
/opt/airflow/dags/daily_analytics_dag.py                           1           0  0.11s           2026-02-23T16:17:33
================================================================================
[2026-02-23T16:18:05.852+0000] {manager.py:878} INFO - 
================================================================================
DAG File Processing Stats

File Path                                 PID    Runtime      # DAGs    # Errors  Last Runtime    Last Run
----------------------------------------  -----  ---------  --------  ----------  --------------  -------------------
/opt/airflow/dags/daily_analytics_dag.py                           1           0  0.16s           2026-02-23T16:18:03
================================================================================
[2026-02-23T16:18:36.194+0000] {manager.py:878} INFO - 
================================================================================
DAG File Processing Stats

File Path                                 PID    Runtime      # DAGs    # Errors  Last Runtime    Last Run
----------------------------------------  -----  ---------  --------  ----------  --------------  -------------------
/opt/airflow/dags/daily_analytics_dag.py                           1           0  0.12s           2026-02-23T16:18:34
================================================================================
[2026-02-23T16:19:06.502+0000] {manager.py:878} INFO - 
================================================================================
DAG File Processing Stats

File Path                                 PID    Runtime      # DAGs    # Errors  Last Runtime    Last Run
----------------------------------------  -----  ---------  --------  ----------  --------------  -------------------
/opt/airflow/dags/daily_analytics_dag.py                           1           0  0.17s           2026-02-23T16:19:04
================================================================================
[2026-02-23T16:19:17.802+0000] {manager.py:737} INFO - Searching for files in /opt/airflow/dags
[2026-02-23T16:19:17.812+0000] {manager.py:740} INFO - There are 1 files in /opt/airflow/dags
[2026-02-23T16:19:37.058+0000] {manager.py:878} INFO - 
================================================================================
DAG File Processing Stats

File Path                                 PID    Runtime      # DAGs    # Errors  Last Runtime    Last Run
----------------------------------------  -----  ---------  --------  ----------  --------------  -------------------
/opt/airflow/dags/daily_analytics_dag.py                           1           0  0.25s           2026-02-23T16:19:16
================================================================================
[2026-02-23T16:20:07.396+0000] {manager.py:878} INFO - 
================================================================================
DAG File Processing Stats

File Path                                 PID    Runtime      # DAGs    # Errors  Last Runtime    Last Run
----------------------------------------  -----  ---------  --------  ----------  --------------  -------------------
/opt/airflow/dags/daily_analytics_dag.py                           1           0  0.13s           2026-02-23T16:19:47
================================================================================
[2026-02-23T16:20:37.738+0000] {manager.py:878} INFO - 
================================================================================
DAG File Processing Stats

File Path                                 PID    Runtime      # DAGs    # Errors  Last Runtime    Last Run
----------------------------------------  -----  ---------  --------  ----------  --------------  -------------------
/opt/airflow/dags/daily_analytics_dag.py                           1           0  0.16s           2026-02-23T16:20:17
================================================================================
[2026-02-23T16:21:08.009+0000] {manager.py:878} INFO - 
================================================================================
DAG File Processing Stats

File Path                                 PID    Runtime      # DAGs    # Errors  Last Runtime    Last Run
----------------------------------------  -----  ---------  --------  ----------  --------------  -------------------
/opt/airflow/dags/daily_analytics_dag.py                           1           0  0.13s           2026-02-23T16:20:47
================================================================================
[2026-02-23T16:21:38.340+0000] {manager.py:878} INFO - 
================================================================================
DAG File Processing Stats

File Path                                 PID    Runtime      # DAGs    # Errors  Last Runtime    Last Run
----------------------------------------  -----  ---------  --------  ----------  --------------  -------------------
/opt/airflow/dags/daily_analytics_dag.py                           1           0  0.30s           2026-02-23T16:21:18
================================================================================
[2026-02-23T16:22:08.382+0000] {manager.py:878} INFO - 
================================================================================
DAG File Processing Stats

File Path                                 PID    Runtime      # DAGs    # Errors  Last Runtime    Last Run
----------------------------------------  -----  ---------  --------  ----------  --------------  -------------------
/opt/airflow/dags/daily_analytics_dag.py                           1           0  0.76s           2026-02-23T16:21:49
================================================================================
[2026-02-23T16:22:38.694+0000] {manager.py:878} INFO - 
================================================================================
DAG File Processing Stats

File Path                                 PID    Runtime      # DAGs    # Errors  Last Runtime    Last Run
----------------------------------------  -----  ---------  --------  ----------  --------------  -------------------
/opt/airflow/dags/daily_analytics_dag.py                           1           0  0.34s           2026-02-23T16:22:19
================================================================================
[2026-02-23T16:23:09.212+0000] {manager.py:878} INFO - 
================================================================================
DAG File Processing Stats

File Path                                 PID    Runtime      # DAGs    # Errors  Last Runtime    Last Run
----------------------------------------  -----  ---------  --------  ----------  --------------  -------------------
/opt/airflow/dags/daily_analytics_dag.py                           1           0  0.24s           2026-02-23T16:22:50
================================================================================
[2026-02-23T16:23:39.667+0000] {manager.py:878} INFO - 
================================================================================
DAG File Processing Stats

File Path                                 PID    Runtime      # DAGs    # Errors  Last Runtime    Last Run
----------------------------------------  -----  ---------  --------  ----------  --------------  -------------------
/opt/airflow/dags/daily_analytics_dag.py                           1           0  0.66s           2026-02-23T16:23:20
================================================================================
[2026-02-23T16:24:10.425+0000] {manager.py:878} INFO - 
================================================================================
DAG File Processing Stats

File Path                                 PID    Runtime      # DAGs    # Errors  Last Runtime    Last Run
----------------------------------------  -----  ---------  --------  ----------  --------------  -------------------
/opt/airflow/dags/daily_analytics_dag.py                           1           0  0.25s           2026-02-23T16:23:51
================================================================================
[2026-02-23T16:24:18.498+0000] {manager.py:737} INFO - Searching for files in /opt/airflow/dags
[2026-02-23T16:24:18.514+0000] {manager.py:740} INFO - There are 1 files in /opt/airflow/dags
[2026-02-23T16:24:40.838+0000] {manager.py:878} INFO - 
================================================================================
DAG File Processing Stats

File Path                                 PID    Runtime      # DAGs    # Errors  Last Runtime    Last Run
----------------------------------------  -----  ---------  --------  ----------  --------------  -------------------
/opt/airflow/dags/daily_analytics_dag.py                           1           0  0.24s           2026-02-23T16:24:21
================================================================================
[2026-02-23T16:25:11.170+0000] {manager.py:878} INFO - 
================================================================================
DAG File Processing Stats

File Path                                 PID    Runtime      # DAGs    # Errors  Last Runtime    Last Run
----------------------------------------  -----  ---------  --------  ----------  --------------  -------------------
/opt/airflow/dags/daily_analytics_dag.py                           1           0  0.14s           2026-02-23T16:24:52
================================================================================
[2026-02-23T16:25:41.507+0000] {manager.py:878} INFO - 
================================================================================
DAG File Processing Stats

File Path                                 PID    Runtime      # DAGs    # Errors  Last Runtime    Last Run
----------------------------------------  -----  ---------  --------  ----------  --------------  -------------------
/opt/airflow/dags/daily_analytics_dag.py                           1           0  0.19s           2026-02-23T16:25:22
================================================================================
[2026-02-23T16:26:11.877+0000] {manager.py:878} INFO - 
================================================================================
DAG File Processing Stats

File Path                                 PID    Runtime      # DAGs    # Errors  Last Runtime    Last Run
----------------------------------------  -----  ---------  --------  ----------  --------------  -------------------
/opt/airflow/dags/daily_analytics_dag.py                           1           0  0.19s           2026-02-23T16:25:52
================================================================================
[2026-02-23T16:26:42.235+0000] {manager.py:878} INFO - 
================================================================================
DAG File Processing Stats

File Path                                 PID    Runtime      # DAGs    # Errors  Last Runtime    Last Run
----------------------------------------  -----  ---------  --------  ----------  --------------  -------------------
/opt/airflow/dags/daily_analytics_dag.py                           1           0  0.15s           2026-02-23T16:26:23
================================================================================
[2026-02-23T16:27:12.554+0000] {manager.py:878} INFO - 
================================================================================
DAG File Processing Stats

File Path                                 PID    Runtime      # DAGs    # Errors  Last Runtime    Last Run
----------------------------------------  -----  ---------  --------  ----------  --------------  -------------------
/opt/airflow/dags/daily_analytics_dag.py                           1           0  0.14s           2026-02-23T16:26:53
================================================================================
[2026-02-23T16:27:42.954+0000] {manager.py:878} INFO - 
================================================================================
DAG File Processing Stats

File Path                                 PID    Runtime      # DAGs    # Errors  Last Runtime    Last Run
----------------------------------------  -----  ---------  --------  ----------  --------------  -------------------
/opt/airflow/dags/daily_analytics_dag.py                           1           0  0.25s           2026-02-23T16:27:23
================================================================================
[2026-02-23T16:28:13.272+0000] {manager.py:878} INFO - 
================================================================================
DAG File Processing Stats

File Path                                 PID    Runtime      # DAGs    # Errors  Last Runtime    Last Run
----------------------------------------  -----  ---------  --------  ----------  --------------  -------------------
/opt/airflow/dags/daily_analytics_dag.py                           1           0  0.16s           2026-02-23T16:27:54
================================================================================
[2026-02-23T16:28:43.659+0000] {manager.py:878} INFO - 
================================================================================
DAG File Processing Stats

File Path                                 PID    Runtime      # DAGs    # Errors  Last Runtime    Last Run
----------------------------------------  -----  ---------  --------  ----------  --------------  -------------------
/opt/airflow/dags/daily_analytics_dag.py                           1           0  0.18s           2026-02-23T16:28:24
================================================================================
[2026-02-23T16:29:13.977+0000] {manager.py:878} INFO - 
================================================================================
DAG File Processing Stats

File Path                                 PID    Runtime      # DAGs    # Errors  Last Runtime    Last Run
----------------------------------------  -----  ---------  --------  ----------  --------------  -------------------
/opt/airflow/dags/daily_analytics_dag.py                           1           0  0.12s           2026-02-23T16:28:54
================================================================================
[2026-02-23T16:29:19.027+0000] {manager.py:737} INFO - Searching for files in /opt/airflow/dags
[2026-02-23T16:29:19.031+0000] {manager.py:740} INFO - There are 1 files in /opt/airflow/dags
[2026-02-23T16:29:44.316+0000] {manager.py:878} INFO - 
================================================================================
DAG File Processing Stats

File Path                                 PID    Runtime      # DAGs    # Errors  Last Runtime    Last Run
----------------------------------------  -----  ---------  --------  ----------  --------------  -------------------
/opt/airflow/dags/daily_analytics_dag.py                           1           0  0.14s           2026-02-23T16:29:25
================================================================================
[2026-02-23T16:30:14.646+0000] {manager.py:878} INFO - 
================================================================================
DAG File Processing Stats

File Path                                 PID    Runtime      # DAGs    # Errors  Last Runtime    Last Run
----------------------------------------  -----  ---------  --------  ----------  --------------  -------------------
/opt/airflow/dags/daily_analytics_dag.py                           1           0  0.15s           2026-02-23T16:29:55
================================================================================
[2026-02-23T16:30:45.028+0000] {manager.py:878} INFO - 
================================================================================
DAG File Processing Stats

File Path                                 PID    Runtime      # DAGs    # Errors  Last Runtime    Last Run
----------------------------------------  -----  ---------  --------  ----------  --------------  -------------------
/opt/airflow/dags/daily_analytics_dag.py                           1           0  0.12s           2026-02-23T16:30:25
================================================================================
[2026-02-23T16:31:15.279+0000] {manager.py:878} INFO - 
================================================================================
DAG File Processing Stats

File Path                                 PID    Runtime      # DAGs    # Errors  Last Runtime    Last Run
----------------------------------------  -----  ---------  --------  ----------  --------------  -------------------
/opt/airflow/dags/daily_analytics_dag.py                           1           0  0.16s           2026-02-23T16:30:56
================================================================================
[2026-02-23T16:31:45.623+0000] {manager.py:878} INFO - 
================================================================================
DAG File Processing Stats

File Path                                 PID    Runtime      # DAGs    # Errors  Last Runtime    Last Run
----------------------------------------  -----  ---------  --------  ----------  --------------  -------------------
/opt/airflow/dags/daily_analytics_dag.py                           1           0  0.14s           2026-02-23T16:31:26
================================================================================
[2026-02-23T16:32:15.964+0000] {manager.py:878} INFO - 
================================================================================
DAG File Processing Stats

File Path                                 PID    Runtime      # DAGs    # Errors  Last Runtime    Last Run
----------------------------------------  -----  ---------  --------  ----------  --------------  -------------------
/opt/airflow/dags/daily_analytics_dag.py                           1           0  0.16s           2026-02-23T16:31:56
================================================================================
[2026-02-23T16:32:18.946+0000] {manager.py:452} INFO - Exiting gracefully upon receiving signal 15
[2026-02-23T16:32:56.432+0000] {manager.py:470} INFO - Processing files using up to 2 processes at a time 
[2026-02-23T16:32:56.434+0000] {manager.py:471} INFO - Process each file at most once every 30 seconds
[2026-02-23T16:32:56.434+0000] {manager.py:472} INFO - Checking for new files in /opt/airflow/dags every 300 seconds
[2026-02-23T16:32:56.434+0000] {manager.py:737} INFO - Searching for files in /opt/airflow/dags
[2026-02-23T16:32:56.438+0000] {manager.py:740} INFO - There are 1 files in /opt/airflow/dags
[2026-02-23T16:32:56.621+0000] {manager.py:878} INFO - 
================================================================================
DAG File Processing Stats

File Path                                   PID  Runtime      # DAGs    # Errors  Last Runtime    Last Run
----------------------------------------  -----  ---------  --------  ----------  --------------  ----------
/opt/airflow/dags/daily_analytics_dag.py    159  0.07s             0           0
================================================================================
[2026-02-23T16:33:26.861+0000] {manager.py:878} INFO - 
================================================================================
DAG File Processing Stats

File Path                                   PID  Runtime      # DAGs    # Errors  Last Runtime    Last Run
----------------------------------------  -----  ---------  --------  ----------  --------------  -------------------
/opt/airflow/dags/daily_analytics_dag.py    164  0.04s             1           0  0.16s           2026-02-23T16:32:56
================================================================================
[2026-02-23T16:33:57.073+0000] {manager.py:878} INFO - 
================================================================================
DAG File Processing Stats

File Path                                 PID    Runtime      # DAGs    # Errors  Last Runtime    Last Run
----------------------------------------  -----  ---------  --------  ----------  --------------  -------------------
/opt/airflow/dags/daily_analytics_dag.py                           1           0  0.29s           2026-02-23T16:33:27
================================================================================
[2026-02-23T16:34:27.680+0000] {manager.py:878} INFO - 
================================================================================
DAG File Processing Stats

File Path                                   PID  Runtime      # DAGs    # Errors  Last Runtime    Last Run
----------------------------------------  -----  ---------  --------  ----------  --------------  -------------------
/opt/airflow/dags/daily_analytics_dag.py    174  0.02s             1           0  0.12s           2026-02-23T16:33:57
================================================================================
[2026-02-23T16:34:58.000+0000] {manager.py:878} INFO - 
================================================================================
DAG File Processing Stats

File Path                                   PID  Runtime      # DAGs    # Errors  Last Runtime    Last Run
----------------------------------------  -----  ---------  --------  ----------  --------------  -------------------
/opt/airflow/dags/daily_analytics_dag.py    179  0.03s             1           0  0.17s           2026-02-23T16:34:27
================================================================================
[2026-02-23T16:35:28.436+0000] {manager.py:878} INFO - 
================================================================================
DAG File Processing Stats

File Path                                   PID  Runtime      # DAGs    # Errors  Last Runtime    Last Run
----------------------------------------  -----  ---------  --------  ----------  --------------  -------------------
/opt/airflow/dags/daily_analytics_dag.py    184  0.05s             1           0  0.15s           2026-02-23T16:34:58
================================================================================
[2026-02-23T16:35:58.769+0000] {manager.py:878} INFO - 
================================================================================
DAG File Processing Stats

File Path                                   PID  Runtime      # DAGs    # Errors  Last Runtime    Last Run
----------------------------------------  -----  ---------  --------  ----------  --------------  -------------------
/opt/airflow/dags/daily_analytics_dag.py    189  0.03s             1           0  0.17s           2026-02-23T16:35:28
================================================================================
[2026-02-23T16:36:13.031+0000] {manager.py:452} INFO - Exiting gracefully upon receiving signal 15
[2026-02-23T16:36:45.872+0000] {manager.py:470} INFO - Processing files using up to 2 processes at a time 
[2026-02-23T16:36:45.880+0000] {manager.py:471} INFO - Process each file at most once every 30 seconds
[2026-02-23T16:36:45.885+0000] {manager.py:472} INFO - Checking for new files in /opt/airflow/dags every 300 seconds
[2026-02-23T16:36:45.889+0000] {manager.py:737} INFO - Searching for files in /opt/airflow/dags
[2026-02-23T16:36:45.897+0000] {manager.py:740} INFO - There are 1 files in /opt/airflow/dags
[2026-02-23T16:36:46.022+0000] {manager.py:878} INFO - 
================================================================================
DAG File Processing Stats

File Path                                   PID  Runtime      # DAGs    # Errors  Last Runtime    Last Run
----------------------------------------  -----  ---------  --------  ----------  --------------  ----------
/opt/airflow/dags/daily_analytics_dag.py    160  0.03s             0           0
================================================================================
[2026-02-23T16:37:16.245+0000] {manager.py:878} INFO - 
================================================================================
DAG File Processing Stats

File Path                                 PID    Runtime      # DAGs    # Errors  Last Runtime    Last Run
----------------------------------------  -----  ---------  --------  ----------  --------------  -------------------
/opt/airflow/dags/daily_analytics_dag.py                           1           0  0.31s           2026-02-23T16:36:46
================================================================================
[2026-02-23T16:37:46.917+0000] {manager.py:878} INFO - 
================================================================================
DAG File Processing Stats

File Path                                   PID  Runtime      # DAGs    # Errors  Last Runtime    Last Run
----------------------------------------  -----  ---------  --------  ----------  --------------  -------------------
/opt/airflow/dags/daily_analytics_dag.py    170  0.03s             1           0  0.31s           2026-02-23T16:37:16
================================================================================
[2026-02-23T16:38:17.335+0000] {manager.py:878} INFO - 
================================================================================
DAG File Processing Stats

File Path                                   PID  Runtime      # DAGs    # Errors  Last Runtime    Last Run
----------------------------------------  -----  ---------  --------  ----------  --------------  -------------------
/opt/airflow/dags/daily_analytics_dag.py    175  0.07s             1           0  0.13s           2026-02-23T16:37:47
================================================================================
[2026-02-23T16:38:47.660+0000] {manager.py:878} INFO - 
================================================================================
DAG File Processing Stats

File Path                                   PID  Runtime      # DAGs    # Errors  Last Runtime    Last Run
----------------------------------------  -----  ---------  --------  ----------  --------------  -------------------
/opt/airflow/dags/daily_analytics_dag.py    180  0.04s             1           0  0.19s           2026-02-23T16:38:17
================================================================================
[2026-02-23T16:39:18.030+0000] {manager.py:878} INFO - 
================================================================================
DAG File Processing Stats

File Path                                   PID  Runtime      # DAGs    # Errors  Last Runtime    Last Run
----------------------------------------  -----  ---------  --------  ----------  --------------  -------------------
/opt/airflow/dags/daily_analytics_dag.py    185  0.04s             1           0  0.14s           2026-02-23T16:38:47
================================================================================
[2026-02-23T16:39:48.472+0000] {manager.py:878} INFO - 
================================================================================
DAG File Processing Stats

File Path                                   PID  Runtime      # DAGs    # Errors  Last Runtime    Last Run
----------------------------------------  -----  ---------  --------  ----------  --------------  -------------------
/opt/airflow/dags/daily_analytics_dag.py    190  0.04s             1           0  0.19s           2026-02-23T16:39:18
================================================================================
[2026-02-23T16:40:18.818+0000] {manager.py:878} INFO - 
================================================================================
DAG File Processing Stats

File Path                                   PID  Runtime      # DAGs    # Errors  Last Runtime    Last Run
----------------------------------------  -----  ---------  --------  ----------  --------------  -------------------
/opt/airflow/dags/daily_analytics_dag.py    195  0.05s             1           0  0.14s           2026-02-23T16:39:48
================================================================================
[2026-02-23T16:40:20.402+0000] {manager.py:452} INFO - Exiting gracefully upon receiving signal 15
[2026-02-23T16:40:47.651+0000] {manager.py:470} INFO - Processing files using up to 2 processes at a time 
[2026-02-23T16:40:47.652+0000] {manager.py:471} INFO - Process each file at most once every 30 seconds
[2026-02-23T16:40:47.652+0000] {manager.py:472} INFO - Checking for new files in /opt/airflow/dags every 300 seconds
[2026-02-23T16:40:47.652+0000] {manager.py:737} INFO - Searching for files in /opt/airflow/dags
[2026-02-23T16:40:47.654+0000] {manager.py:740} INFO - There are 1 files in /opt/airflow/dags
[2026-02-23T16:40:47.739+0000] {manager.py:878} INFO - 
================================================================================
DAG File Processing Stats

File Path                                   PID  Runtime      # DAGs    # Errors  Last Runtime    Last Run
----------------------------------------  -----  ---------  --------  ----------  --------------  ----------
/opt/airflow/dags/daily_analytics_dag.py    160  0.02s             0           0
================================================================================
[2026-02-23T16:41:18.000+0000] {manager.py:878} INFO - 
================================================================================
DAG File Processing Stats

File Path                                   PID  Runtime      # DAGs    # Errors  Last Runtime    Last Run
----------------------------------------  -----  ---------  --------  ----------  --------------  -------------------
/opt/airflow/dags/daily_analytics_dag.py    165  0.05s             1           0  0.16s           2026-02-23T16:40:47
================================================================================
[2026-02-23T16:41:48.319+0000] {manager.py:878} INFO - 
================================================================================
DAG File Processing Stats

File Path                                   PID  Runtime      # DAGs    # Errors  Last Runtime    Last Run
----------------------------------------  -----  ---------  --------  ----------  --------------  -------------------
/opt/airflow/dags/daily_analytics_dag.py    170  0.02s             1           0  0.14s           2026-02-23T16:41:18
================================================================================
[2026-02-23T16:42:18.643+0000] {manager.py:878} INFO - 
================================================================================
DAG File Processing Stats

File Path                                   PID  Runtime      # DAGs    # Errors  Last Runtime    Last Run
----------------------------------------  -----  ---------  --------  ----------  --------------  -------------------
/opt/airflow/dags/daily_analytics_dag.py    175  0.03s             1           0  0.11s           2026-02-23T16:41:48
================================================================================
[2026-02-23T16:42:48.967+0000] {manager.py:878} INFO - 
================================================================================
DAG File Processing Stats

File Path                                   PID  Runtime      # DAGs    # Errors  Last Runtime    Last Run
----------------------------------------  -----  ---------  --------  ----------  --------------  -------------------
/opt/airflow/dags/daily_analytics_dag.py    180  0.04s             1           0  0.12s           2026-02-23T16:42:18
================================================================================
[2026-02-23T16:43:19.287+0000] {manager.py:878} INFO - 
================================================================================
DAG File Processing Stats

File Path                                   PID  Runtime      # DAGs    # Errors  Last Runtime    Last Run
----------------------------------------  -----  ---------  --------  ----------  --------------  -------------------
/opt/airflow/dags/daily_analytics_dag.py    185  0.06s             1           0  0.17s           2026-02-23T16:42:49
================================================================================
[2026-02-23T16:43:49.609+0000] {manager.py:878} INFO - 
================================================================================
DAG File Processing Stats

File Path                                   PID  Runtime      # DAGs    # Errors  Last Runtime    Last Run
----------------------------------------  -----  ---------  --------  ----------  --------------  -------------------
/opt/airflow/dags/daily_analytics_dag.py    194  0.02s             1           0  0.17s           2026-02-23T16:43:19
================================================================================
[2026-02-23T16:44:20.283+0000] {manager.py:878} INFO - 
================================================================================
DAG File Processing Stats

File Path                                   PID  Runtime      # DAGs    # Errors  Last Runtime    Last Run
----------------------------------------  -----  ---------  --------  ----------  --------------  -------------------
/opt/airflow/dags/daily_analytics_dag.py    199  0.04s             1           0  0.14s           2026-02-23T16:43:49
================================================================================
[2026-02-23T16:44:50.590+0000] {manager.py:878} INFO - 
================================================================================
DAG File Processing Stats

File Path                                   PID  Runtime      # DAGs    # Errors  Last Runtime    Last Run
----------------------------------------  -----  ---------  --------  ----------  --------------  -------------------
/opt/airflow/dags/daily_analytics_dag.py    204  0.03s             1           0  0.15s           2026-02-23T16:44:20
================================================================================
[2026-02-23T16:45:20.923+0000] {manager.py:878} INFO - 
================================================================================
DAG File Processing Stats

File Path                                   PID  Runtime      # DAGs    # Errors  Last Runtime    Last Run
----------------------------------------  -----  ---------  --------  ----------  --------------  -------------------
/opt/airflow/dags/daily_analytics_dag.py    209  0.04s             1           0  0.13s           2026-02-23T16:44:50
================================================================================
[2026-02-23T16:45:48.184+0000] {manager.py:737} INFO - Searching for files in /opt/airflow/dags
[2026-02-23T16:45:48.193+0000] {manager.py:740} INFO - There are 1 files in /opt/airflow/dags
[2026-02-23T16:45:51.293+0000] {manager.py:878} INFO - 
================================================================================
DAG File Processing Stats

File Path                                   PID  Runtime      # DAGs    # Errors  Last Runtime    Last Run
----------------------------------------  -----  ---------  --------  ----------  --------------  -------------------
/opt/airflow/dags/daily_analytics_dag.py    214  0.03s             1           0  0.15s           2026-02-23T16:45:21
================================================================================
[2026-02-23T16:46:21.645+0000] {manager.py:878} INFO - 
================================================================================
DAG File Processing Stats

File Path                                   PID  Runtime      # DAGs    # Errors  Last Runtime    Last Run
----------------------------------------  -----  ---------  --------  ----------  --------------  -------------------
/opt/airflow/dags/daily_analytics_dag.py    219  0.05s             1           0  0.20s           2026-02-23T16:45:51
================================================================================
[2026-02-23T16:46:52.075+0000] {manager.py:878} INFO - 
================================================================================
DAG File Processing Stats

File Path                                   PID  Runtime      # DAGs    # Errors  Last Runtime    Last Run
----------------------------------------  -----  ---------  --------  ----------  --------------  -------------------
/opt/airflow/dags/daily_analytics_dag.py    224  0.08s             1           0  0.20s           2026-02-23T16:46:21
================================================================================
[2026-02-23T16:47:22.359+0000] {manager.py:878} INFO - 
================================================================================
DAG File Processing Stats

File Path                                   PID  Runtime      # DAGs    # Errors  Last Runtime    Last Run
----------------------------------------  -----  ---------  --------  ----------  --------------  -------------------
/opt/airflow/dags/daily_analytics_dag.py    229  0.03s             1           0  0.21s           2026-02-23T16:46:52
================================================================================
[2026-02-23T16:47:52.627+0000] {manager.py:878} INFO - 
================================================================================
DAG File Processing Stats

File Path                                   PID  Runtime      # DAGs    # Errors  Last Runtime    Last Run
----------------------------------------  -----  ---------  --------  ----------  --------------  -------------------
/opt/airflow/dags/daily_analytics_dag.py    234  0.02s             1           0  0.15s           2026-02-23T16:47:22
================================================================================
[2026-02-23T16:48:22.951+0000] {manager.py:878} INFO - 
================================================================================
DAG File Processing Stats

File Path                                   PID  Runtime      # DAGs    # Errors  Last Runtime    Last Run
----------------------------------------  -----  ---------  --------  ----------  --------------  -------------------
/opt/airflow/dags/daily_analytics_dag.py    239  0.05s             1           0  0.10s           2026-02-23T16:47:52
================================================================================
[2026-02-23T16:48:53.336+0000] {manager.py:878} INFO - 
================================================================================
DAG File Processing Stats

File Path                                   PID  Runtime      # DAGs    # Errors  Last Runtime    Last Run
----------------------------------------  -----  ---------  --------  ----------  --------------  -------------------
/opt/airflow/dags/daily_analytics_dag.py    248  0.05s             1           0  0.18s           2026-02-23T16:48:23
================================================================================
[2026-02-23T16:49:23.728+0000] {manager.py:878} INFO - 
================================================================================
DAG File Processing Stats

File Path                                   PID  Runtime      # DAGs    # Errors  Last Runtime    Last Run
----------------------------------------  -----  ---------  --------  ----------  --------------  -------------------
/opt/airflow/dags/daily_analytics_dag.py    253  0.09s             1           0  0.21s           2026-02-23T16:48:53
================================================================================
[2026-02-23T16:49:54.052+0000] {manager.py:878} INFO - 
================================================================================
DAG File Processing Stats

File Path                                   PID  Runtime      # DAGs    # Errors  Last Runtime    Last Run
----------------------------------------  -----  ---------  --------  ----------  --------------  -------------------
/opt/airflow/dags/daily_analytics_dag.py    258  0.03s             1           0  0.25s           2026-02-23T16:49:23
================================================================================
[2026-02-23T16:50:24.325+0000] {manager.py:878} INFO - 
================================================================================
DAG File Processing Stats

File Path                                   PID  Runtime      # DAGs    # Errors  Last Runtime    Last Run
----------------------------------------  -----  ---------  --------  ----------  --------------  -------------------
/opt/airflow/dags/daily_analytics_dag.py    263  0.04s             1           0  0.12s           2026-02-23T16:49:54
================================================================================
[2026-02-23T16:50:48.519+0000] {manager.py:737} INFO - Searching for files in /opt/airflow/dags
[2026-02-23T16:50:48.536+0000] {manager.py:740} INFO - There are 1 files in /opt/airflow/dags
[2026-02-23T16:50:54.621+0000] {manager.py:878} INFO - 
================================================================================
DAG File Processing Stats

File Path                                   PID  Runtime      # DAGs    # Errors  Last Runtime    Last Run
----------------------------------------  -----  ---------  --------  ----------  --------------  -------------------
/opt/airflow/dags/daily_analytics_dag.py    268  0.03s             1           0  0.13s           2026-02-23T16:50:24
================================================================================
[2026-02-23T16:51:24.904+0000] {manager.py:878} INFO - 
================================================================================
DAG File Processing Stats

File Path                                   PID  Runtime      # DAGs    # Errors  Last Runtime    Last Run
----------------------------------------  -----  ---------  --------  ----------  --------------  -------------------
/opt/airflow/dags/daily_analytics_dag.py    273  0.03s             1           0  0.14s           2026-02-23T16:50:54
================================================================================
[2026-02-23T16:51:55.230+0000] {manager.py:878} INFO - 
================================================================================
DAG File Processing Stats

File Path                                   PID  Runtime      # DAGs    # Errors  Last Runtime    Last Run
----------------------------------------  -----  ---------  --------  ----------  --------------  -------------------
/opt/airflow/dags/daily_analytics_dag.py    278  0.04s             1           0  0.17s           2026-02-23T16:51:25
================================================================================
[2026-02-23T16:52:25.576+0000] {manager.py:878} INFO - 
================================================================================
DAG File Processing Stats

File Path                                   PID  Runtime      # DAGs    # Errors  Last Runtime    Last Run
----------------------------------------  -----  ---------  --------  ----------  --------------  -------------------
/opt/airflow/dags/daily_analytics_dag.py    283  0.05s             1           0  0.11s           2026-02-23T16:51:55
================================================================================
[2026-02-23T16:52:55.920+0000] {manager.py:878} INFO - 
================================================================================
DAG File Processing Stats

File Path                                   PID  Runtime      # DAGs    # Errors  Last Runtime    Last Run
----------------------------------------  -----  ---------  --------  ----------  --------------  -------------------
/opt/airflow/dags/daily_analytics_dag.py    288  0.03s             1           0  0.16s           2026-02-23T16:52:25
================================================================================
[2026-02-23T16:53:55.169+0000] {manager.py:878} INFO - 
================================================================================
DAG File Processing Stats

File Path                                 PID    Runtime      # DAGs    # Errors  Last Runtime    Last Run
----------------------------------------  -----  ---------  --------  ----------  --------------  -------------------
/opt/airflow/dags/daily_analytics_dag.py                           1           0  0.11s           2026-02-23T16:53:35
================================================================================
[2026-02-23T16:55:55.543+0000] {manager.py:737} INFO - Searching for files in /opt/airflow/dags
[2026-02-23T16:55:55.551+0000] {manager.py:740} INFO - There are 1 files in /opt/airflow/dags
[2026-02-23T16:56:15.846+0000] {manager.py:878} INFO - 
================================================================================
DAG File Processing Stats

File Path                                 PID    Runtime      # DAGs    # Errors  Last Runtime    Last Run
----------------------------------------  -----  ---------  --------  ----------  --------------  -------------------
/opt/airflow/dags/daily_analytics_dag.py                           1           0  0.13s           2026-02-23T16:55:55
================================================================================
[2026-02-23T16:59:41.899+0000] {manager.py:878} INFO - 
================================================================================
DAG File Processing Stats

File Path                                 PID    Runtime      # DAGs    # Errors  Last Runtime    Last Run
----------------------------------------  -----  ---------  --------  ----------  --------------  -------------------
/opt/airflow/dags/daily_analytics_dag.py                           1           0  0.13s           2026-02-23T16:59:20
================================================================================
[2026-02-23T17:00:24.234+0000] {manager.py:878} INFO - 
================================================================================
DAG File Processing Stats

File Path                                 PID    Runtime      # DAGs    # Errors  Last Runtime    Last Run
----------------------------------------  -----  ---------  --------  ----------  --------------  -------------------
/opt/airflow/dags/daily_analytics_dag.py                           1           0  0.14s           2026-02-23T17:00:03
================================================================================
[2026-02-23T17:04:45.520+0000] {manager.py:737} INFO - Searching for files in /opt/airflow/dags
[2026-02-23T17:04:45.529+0000] {manager.py:740} INFO - There are 1 files in /opt/airflow/dags
[2026-02-23T17:05:06.833+0000] {manager.py:878} INFO - 
================================================================================
DAG File Processing Stats

File Path                                 PID    Runtime      # DAGs    # Errors  Last Runtime    Last Run
----------------------------------------  -----  ---------  --------  ----------  --------------  -------------------
/opt/airflow/dags/daily_analytics_dag.py                           1           0  0.10s           2026-02-23T17:04:45
================================================================================
[2026-02-23T17:05:55.358+0000] {manager.py:878} INFO - 
================================================================================
DAG File Processing Stats

File Path                                 PID    Runtime      # DAGs    # Errors  Last Runtime    Last Run
----------------------------------------  -----  ---------  --------  ----------  --------------  -------------------
/opt/airflow/dags/daily_analytics_dag.py                           1           0  0.11s           2026-02-23T17:05:33
================================================================================
[2026-02-23T17:06:59.212+0000] {manager.py:878} INFO - 
================================================================================
DAG File Processing Stats

File Path                                 PID    Runtime      # DAGs    # Errors  Last Runtime    Last Run
----------------------------------------  -----  ---------  --------  ----------  --------------  -------------------
/opt/airflow/dags/daily_analytics_dag.py                           1           0  0.12s           2026-02-23T17:06:37
================================================================================
[2026-02-23T17:08:28.913+0000] {manager.py:878} INFO - 
================================================================================
DAG File Processing Stats

File Path                                 PID    Runtime      # DAGs    # Errors  Last Runtime    Last Run
----------------------------------------  -----  ---------  --------  ----------  --------------  -------------------
/opt/airflow/dags/daily_analytics_dag.py                           1           0  0.11s           2026-02-23T17:08:06
================================================================================
[2026-02-23T17:09:32.696+0000] {manager.py:878} INFO - 
================================================================================
DAG File Processing Stats

File Path                                 PID    Runtime      # DAGs    # Errors  Last Runtime    Last Run
----------------------------------------  -----  ---------  --------  ----------  --------------  -------------------
/opt/airflow/dags/daily_analytics_dag.py                           1           0  0.08s           2026-02-23T17:09:09
================================================================================
[2026-02-23T17:11:15.697+0000] {manager.py:737} INFO - Searching for files in /opt/airflow/dags
[2026-02-23T17:11:15.702+0000] {manager.py:740} INFO - There are 1 files in /opt/airflow/dags
[2026-02-23T17:11:38.980+0000] {manager.py:878} INFO - 
================================================================================
DAG File Processing Stats

File Path                                 PID    Runtime      # DAGs    # Errors  Last Runtime    Last Run
----------------------------------------  -----  ---------  --------  ----------  --------------  -------------------
/opt/airflow/dags/daily_analytics_dag.py                           1           0  0.10s           2026-02-23T17:11:15
================================================================================
[2026-02-23T17:12:21.253+0000] {manager.py:878} INFO - 
================================================================================
DAG File Processing Stats

File Path                                 PID    Runtime      # DAGs    # Errors  Last Runtime    Last Run
----------------------------------------  -----  ---------  --------  ----------  --------------  -------------------
/opt/airflow/dags/daily_analytics_dag.py                           1           0  0.12s           2026-02-23T17:11:58
================================================================================
[2026-02-23T17:14:04.780+0000] {manager.py:878} INFO - 
================================================================================
DAG File Processing Stats

File Path                                 PID    Runtime      # DAGs    # Errors  Last Runtime    Last Run
----------------------------------------  -----  ---------  --------  ----------  --------------  -------------------
/opt/airflow/dags/daily_analytics_dag.py                           1           0  0.12s           2026-02-23T17:13:40
================================================================================
[2026-02-23T17:14:35.115+0000] {manager.py:878} INFO - 
================================================================================
DAG File Processing Stats

File Path                                 PID    Runtime      # DAGs    # Errors  Last Runtime    Last Run
----------------------------------------  -----  ---------  --------  ----------  --------------  -------------------
/opt/airflow/dags/daily_analytics_dag.py                           1           0  0.12s           2026-02-23T17:14:10
================================================================================
[2026-02-23T17:15:05.449+0000] {manager.py:878} INFO - 
================================================================================
DAG File Processing Stats

File Path                                 PID    Runtime      # DAGs    # Errors  Last Runtime    Last Run
----------------------------------------  -----  ---------  --------  ----------  --------------  -------------------
/opt/airflow/dags/daily_analytics_dag.py                           1           0  0.11s           2026-02-23T17:14:41
================================================================================
[2026-02-23T17:15:35.837+0000] {manager.py:878} INFO - 
================================================================================
DAG File Processing Stats

File Path                                 PID    Runtime      # DAGs    # Errors  Last Runtime    Last Run
----------------------------------------  -----  ---------  --------  ----------  --------------  -------------------
/opt/airflow/dags/daily_analytics_dag.py                           1           0  0.12s           2026-02-23T17:15:11
================================================================================
[2026-02-23T17:16:06.155+0000] {manager.py:878} INFO - 
================================================================================
DAG File Processing Stats

File Path                                 PID    Runtime      # DAGs    # Errors  Last Runtime    Last Run
----------------------------------------  -----  ---------  --------  ----------  --------------  -------------------
/opt/airflow/dags/daily_analytics_dag.py                           1           0  0.14s           2026-02-23T17:15:42
================================================================================
[2026-02-23T17:16:16.297+0000] {manager.py:737} INFO - Searching for files in /opt/airflow/dags
[2026-02-23T17:16:16.309+0000] {manager.py:740} INFO - There are 1 files in /opt/airflow/dags
[2026-02-23T17:16:36.517+0000] {manager.py:878} INFO - 
================================================================================
DAG File Processing Stats

File Path                                 PID    Runtime      # DAGs    # Errors  Last Runtime    Last Run
----------------------------------------  -----  ---------  --------  ----------  --------------  -------------------
/opt/airflow/dags/daily_analytics_dag.py                           1           0  0.12s           2026-02-23T17:16:12
================================================================================
[2026-02-23T17:17:06.834+0000] {manager.py:878} INFO - 
================================================================================
DAG File Processing Stats

File Path                                 PID    Runtime      # DAGs    # Errors  Last Runtime    Last Run
----------------------------------------  -----  ---------  --------  ----------  --------------  -------------------
/opt/airflow/dags/daily_analytics_dag.py                           1           0  0.11s           2026-02-23T17:16:42
================================================================================
[2026-02-23T17:17:37.164+0000] {manager.py:878} INFO - 
================================================================================
DAG File Processing Stats

File Path                                 PID    Runtime      # DAGs    # Errors  Last Runtime    Last Run
----------------------------------------  -----  ---------  --------  ----------  --------------  -------------------
/opt/airflow/dags/daily_analytics_dag.py                           1           0  0.11s           2026-02-23T17:17:13
================================================================================
[2026-02-23T17:18:07.478+0000] {manager.py:878} INFO - 
================================================================================
DAG File Processing Stats

File Path                                 PID    Runtime      # DAGs    # Errors  Last Runtime    Last Run
----------------------------------------  -----  ---------  --------  ----------  --------------  -------------------
/opt/airflow/dags/daily_analytics_dag.py                           1           0  0.11s           2026-02-23T17:17:43
================================================================================
[2026-02-23T17:18:37.780+0000] {manager.py:878} INFO - 
================================================================================
DAG File Processing Stats

File Path                                 PID    Runtime      # DAGs    # Errors  Last Runtime    Last Run
----------------------------------------  -----  ---------  --------  ----------  --------------  -------------------
/opt/airflow/dags/daily_analytics_dag.py                           1           0  0.09s           2026-02-23T17:18:13
================================================================================
[2026-02-23T17:19:08.139+0000] {manager.py:878} INFO - 
================================================================================
DAG File Processing Stats

File Path                                 PID    Runtime      # DAGs    # Errors  Last Runtime    Last Run
----------------------------------------  -----  ---------  --------  ----------  --------------  -------------------
/opt/airflow/dags/daily_analytics_dag.py                           1           0  0.13s           2026-02-23T17:18:43
================================================================================
[2026-02-23T17:19:38.476+0000] {manager.py:878} INFO - 
================================================================================
DAG File Processing Stats

File Path                                 PID    Runtime      # DAGs    # Errors  Last Runtime    Last Run
----------------------------------------  -----  ---------  --------  ----------  --------------  -------------------
/opt/airflow/dags/daily_analytics_dag.py                           1           0  0.11s           2026-02-23T17:19:14
================================================================================
[2026-02-23T17:20:08.758+0000] {manager.py:878} INFO - 
================================================================================
DAG File Processing Stats

File Path                                 PID    Runtime      # DAGs    # Errors  Last Runtime    Last Run
----------------------------------------  -----  ---------  --------  ----------  --------------  -------------------
/opt/airflow/dags/daily_analytics_dag.py                           1           0  0.08s           2026-02-23T17:19:44
================================================================================
[2026-02-23T17:20:39.089+0000] {manager.py:878} INFO - 
================================================================================
DAG File Processing Stats

File Path                                 PID    Runtime      # DAGs    # Errors  Last Runtime    Last Run
----------------------------------------  -----  ---------  --------  ----------  --------------  -------------------
/opt/airflow/dags/daily_analytics_dag.py                           1           0  0.11s           2026-02-23T17:20:14
================================================================================
[2026-02-23T17:21:09.399+0000] {manager.py:878} INFO - 
================================================================================
DAG File Processing Stats

File Path                                 PID    Runtime      # DAGs    # Errors  Last Runtime    Last Run
----------------------------------------  -----  ---------  --------  ----------  --------------  -------------------
/opt/airflow/dags/daily_analytics_dag.py                           1           0  0.12s           2026-02-23T17:20:45
================================================================================
[2026-02-23T17:21:16.490+0000] {manager.py:737} INFO - Searching for files in /opt/airflow/dags
[2026-02-23T17:21:16.500+0000] {manager.py:740} INFO - There are 1 files in /opt/airflow/dags
[2026-02-23T17:21:39.730+0000] {manager.py:878} INFO - 
================================================================================
DAG File Processing Stats

File Path                                 PID    Runtime      # DAGs    # Errors  Last Runtime    Last Run
----------------------------------------  -----  ---------  --------  ----------  --------------  -------------------
/opt/airflow/dags/daily_analytics_dag.py                           1           0  0.10s           2026-02-23T17:21:15
================================================================================
[2026-02-23T17:22:10.030+0000] {manager.py:878} INFO - 
================================================================================
DAG File Processing Stats

File Path                                 PID    Runtime      # DAGs    # Errors  Last Runtime    Last Run
----------------------------------------  -----  ---------  --------  ----------  --------------  -------------------
/opt/airflow/dags/daily_analytics_dag.py                           1           0  0.11s           2026-02-23T17:21:45
================================================================================
[2026-02-23T17:22:40.341+0000] {manager.py:878} INFO - 
================================================================================
DAG File Processing Stats

File Path                                 PID    Runtime      # DAGs    # Errors  Last Runtime    Last Run
----------------------------------------  -----  ---------  --------  ----------  --------------  -------------------
/opt/airflow/dags/daily_analytics_dag.py                           1           0  0.09s           2026-02-23T17:22:16
================================================================================
[2026-02-23T17:23:10.644+0000] {manager.py:878} INFO - 
================================================================================
DAG File Processing Stats

File Path                                 PID    Runtime      # DAGs    # Errors  Last Runtime    Last Run
----------------------------------------  -----  ---------  --------  ----------  --------------  -------------------
/opt/airflow/dags/daily_analytics_dag.py                           1           0  0.11s           2026-02-23T17:22:46
================================================================================
[2026-02-23T17:23:40.908+0000] {manager.py:878} INFO - 
================================================================================
DAG File Processing Stats

File Path                                 PID    Runtime      # DAGs    # Errors  Last Runtime    Last Run
----------------------------------------  -----  ---------  --------  ----------  --------------  -------------------
/opt/airflow/dags/daily_analytics_dag.py                           1           0  0.08s           2026-02-23T17:23:16
================================================================================
[2026-02-23T17:24:11.225+0000] {manager.py:878} INFO - 
================================================================================
DAG File Processing Stats

File Path                                 PID    Runtime      # DAGs    # Errors  Last Runtime    Last Run
----------------------------------------  -----  ---------  --------  ----------  --------------  -------------------
/opt/airflow/dags/daily_analytics_dag.py                           1           0  0.16s           2026-02-23T17:23:47
================================================================================
[2026-02-23T17:24:41.568+0000] {manager.py:878} INFO - 
================================================================================
DAG File Processing Stats

File Path                                 PID    Runtime      # DAGs    # Errors  Last Runtime    Last Run
----------------------------------------  -----  ---------  --------  ----------  --------------  -------------------
/opt/airflow/dags/daily_analytics_dag.py                           1           0  0.10s           2026-02-23T17:24:17
================================================================================
[2026-02-23T17:25:11.902+0000] {manager.py:878} INFO - 
================================================================================
DAG File Processing Stats

File Path                                 PID    Runtime      # DAGs    # Errors  Last Runtime    Last Run
----------------------------------------  -----  ---------  --------  ----------  --------------  -------------------
/opt/airflow/dags/daily_analytics_dag.py                           1           0  0.13s           2026-02-23T17:24:47
================================================================================
[2026-02-23T17:25:42.216+0000] {manager.py:878} INFO - 
================================================================================
DAG File Processing Stats

File Path                                 PID    Runtime      # DAGs    # Errors  Last Runtime    Last Run
----------------------------------------  -----  ---------  --------  ----------  --------------  -------------------
/opt/airflow/dags/daily_analytics_dag.py                           1           0  0.10s           2026-02-23T17:25:18
================================================================================
[2026-02-23T17:26:12.524+0000] {manager.py:878} INFO - 
================================================================================
DAG File Processing Stats

File Path                                 PID    Runtime      # DAGs    # Errors  Last Runtime    Last Run
----------------------------------------  -----  ---------  --------  ----------  --------------  -------------------
/opt/airflow/dags/daily_analytics_dag.py                           1           0  0.08s           2026-02-23T17:25:48
================================================================================
[2026-02-23T17:26:16.552+0000] {manager.py:737} INFO - Searching for files in /opt/airflow/dags
[2026-02-23T17:26:16.561+0000] {manager.py:740} INFO - There are 1 files in /opt/airflow/dags
[2026-02-23T17:26:42.893+0000] {manager.py:878} INFO - 
================================================================================
DAG File Processing Stats

File Path                                 PID    Runtime      # DAGs    # Errors  Last Runtime    Last Run
----------------------------------------  -----  ---------  --------  ----------  --------------  -------------------
/opt/airflow/dags/daily_analytics_dag.py                           1           0  0.14s           2026-02-23T17:26:18
================================================================================
[2026-02-23T17:27:13.194+0000] {manager.py:878} INFO - 
================================================================================
DAG File Processing Stats

File Path                                 PID    Runtime      # DAGs    # Errors  Last Runtime    Last Run
----------------------------------------  -----  ---------  --------  ----------  --------------  -------------------
/opt/airflow/dags/daily_analytics_dag.py                           1           0  0.12s           2026-02-23T17:26:49
================================================================================
[2026-02-23T17:27:43.512+0000] {manager.py:878} INFO - 
================================================================================
DAG File Processing Stats

File Path                                 PID    Runtime      # DAGs    # Errors  Last Runtime    Last Run
----------------------------------------  -----  ---------  --------  ----------  --------------  -------------------
/opt/airflow/dags/daily_analytics_dag.py                           1           0  0.09s           2026-02-23T17:27:19
================================================================================
[2026-02-23T17:28:13.865+0000] {manager.py:878} INFO - 
================================================================================
DAG File Processing Stats

File Path                                 PID    Runtime      # DAGs    # Errors  Last Runtime    Last Run
----------------------------------------  -----  ---------  --------  ----------  --------------  -------------------
/opt/airflow/dags/daily_analytics_dag.py                           1           0  0.12s           2026-02-23T17:27:49
================================================================================
[2026-02-23T17:28:44.213+0000] {manager.py:878} INFO - 
================================================================================
DAG File Processing Stats

File Path                                 PID    Runtime      # DAGs    # Errors  Last Runtime    Last Run
----------------------------------------  -----  ---------  --------  ----------  --------------  -------------------
/opt/airflow/dags/daily_analytics_dag.py                           1           0  0.12s           2026-02-23T17:28:20
================================================================================
[2026-02-23T17:29:14.512+0000] {manager.py:878} INFO - 
================================================================================
DAG File Processing Stats

File Path                                 PID    Runtime      # DAGs    # Errors  Last Runtime    Last Run
----------------------------------------  -----  ---------  --------  ----------  --------------  -------------------
/opt/airflow/dags/daily_analytics_dag.py                           1           0  0.11s           2026-02-23T17:28:50
================================================================================
[2026-02-23T17:29:44.860+0000] {manager.py:878} INFO - 
================================================================================
DAG File Processing Stats

File Path                                 PID    Runtime      # DAGs    # Errors  Last Runtime    Last Run
----------------------------------------  -----  ---------  --------  ----------  --------------  -------------------
/opt/airflow/dags/daily_analytics_dag.py                           1           0  0.12s           2026-02-23T17:29:20
================================================================================
[2026-02-23T17:30:15.178+0000] {manager.py:878} INFO - 
================================================================================
DAG File Processing Stats

File Path                                 PID    Runtime      # DAGs    # Errors  Last Runtime    Last Run
----------------------------------------  -----  ---------  --------  ----------  --------------  -------------------
/opt/airflow/dags/daily_analytics_dag.py                           1           0  0.12s           2026-02-23T17:29:51
================================================================================
[2026-02-23T17:30:45.453+0000] {manager.py:878} INFO - 
================================================================================
DAG File Processing Stats

File Path                                 PID    Runtime      # DAGs    # Errors  Last Runtime    Last Run
----------------------------------------  -----  ---------  --------  ----------  --------------  -------------------
/opt/airflow/dags/daily_analytics_dag.py                           1           0  0.12s           2026-02-23T17:30:21
================================================================================
[2026-02-23T17:31:15.749+0000] {manager.py:878} INFO - 
================================================================================
DAG File Processing Stats

File Path                                 PID    Runtime      # DAGs    # Errors  Last Runtime    Last Run
----------------------------------------  -----  ---------  --------  ----------  --------------  -------------------
/opt/airflow/dags/daily_analytics_dag.py                           1           0  0.11s           2026-02-23T17:30:51
================================================================================
[2026-02-23T17:31:16.758+0000] {manager.py:737} INFO - Searching for files in /opt/airflow/dags
[2026-02-23T17:31:16.768+0000] {manager.py:740} INFO - There are 1 files in /opt/airflow/dags
[2026-02-23T17:31:46.088+0000] {manager.py:878} INFO - 
================================================================================
DAG File Processing Stats

File Path                                 PID    Runtime      # DAGs    # Errors  Last Runtime    Last Run
----------------------------------------  -----  ---------  --------  ----------  --------------  -------------------
/opt/airflow/dags/daily_analytics_dag.py                           1           0  0.12s           2026-02-23T17:31:21
================================================================================
[2026-02-23T17:32:16.369+0000] {manager.py:878} INFO - 
================================================================================
DAG File Processing Stats

File Path                                 PID    Runtime      # DAGs    # Errors  Last Runtime    Last Run
----------------------------------------  -----  ---------  --------  ----------  --------------  -------------------
/opt/airflow/dags/daily_analytics_dag.py                           1           0  0.09s           2026-02-23T17:31:52
================================================================================
[2026-02-23T17:32:46.683+0000] {manager.py:878} INFO - 
================================================================================
DAG File Processing Stats

File Path                                 PID    Runtime      # DAGs    # Errors  Last Runtime    Last Run
----------------------------------------  -----  ---------  --------  ----------  --------------  -------------------
/opt/airflow/dags/daily_analytics_dag.py                           1           0  0.12s           2026-02-23T17:32:22
================================================================================
[2026-02-23T17:33:16.970+0000] {manager.py:878} INFO - 
================================================================================
DAG File Processing Stats

File Path                                 PID    Runtime      # DAGs    # Errors  Last Runtime    Last Run
----------------------------------------  -----  ---------  --------  ----------  --------------  -------------------
/opt/airflow/dags/daily_analytics_dag.py                           1           0  0.10s           2026-02-23T17:32:52
================================================================================
[2026-02-23T17:33:47.276+0000] {manager.py:878} INFO - 
================================================================================
DAG File Processing Stats

File Path                                 PID    Runtime      # DAGs    # Errors  Last Runtime    Last Run
----------------------------------------  -----  ---------  --------  ----------  --------------  -------------------
/opt/airflow/dags/daily_analytics_dag.py                           1           0  0.10s           2026-02-23T17:33:23
================================================================================
[2026-02-23T17:34:17.526+0000] {manager.py:878} INFO - 
================================================================================
DAG File Processing Stats

File Path                                 PID    Runtime      # DAGs    # Errors  Last Runtime    Last Run
----------------------------------------  -----  ---------  --------  ----------  --------------  -------------------
/opt/airflow/dags/daily_analytics_dag.py                           1           0  0.11s           2026-02-23T17:33:53
================================================================================
[2026-02-23T17:34:47.816+0000] {manager.py:878} INFO - 
================================================================================
DAG File Processing Stats

File Path                                 PID    Runtime      # DAGs    # Errors  Last Runtime    Last Run
----------------------------------------  -----  ---------  --------  ----------  --------------  -------------------
/opt/airflow/dags/daily_analytics_dag.py                           1           0  0.12s           2026-02-23T17:34:23
================================================================================
[2026-02-23T17:35:18.123+0000] {manager.py:878} INFO - 
================================================================================
DAG File Processing Stats

File Path                                 PID    Runtime      # DAGs    # Errors  Last Runtime    Last Run
----------------------------------------  -----  ---------  --------  ----------  --------------  -------------------
/opt/airflow/dags/daily_analytics_dag.py                           1           0  0.11s           2026-02-23T17:34:53
================================================================================
[2026-02-23T17:35:48.458+0000] {manager.py:878} INFO - 
================================================================================
DAG File Processing Stats

File Path                                 PID    Runtime      # DAGs    # Errors  Last Runtime    Last Run
----------------------------------------  -----  ---------  --------  ----------  --------------  -------------------
/opt/airflow/dags/daily_analytics_dag.py                           1           0  0.12s           2026-02-23T17:35:24
================================================================================
[2026-02-23T17:36:16.775+0000] {manager.py:737} INFO - Searching for files in /opt/airflow/dags
[2026-02-23T17:36:16.788+0000] {manager.py:740} INFO - There are 1 files in /opt/airflow/dags
[2026-02-23T17:36:18.725+0000] {manager.py:878} INFO - 
================================================================================
DAG File Processing Stats

File Path                                 PID    Runtime      # DAGs    # Errors  Last Runtime    Last Run
----------------------------------------  -----  ---------  --------  ----------  --------------  -------------------
/opt/airflow/dags/daily_analytics_dag.py                           1           0  0.09s           2026-02-23T17:35:54
================================================================================
[2026-02-23T17:36:49.072+0000] {manager.py:878} INFO - 
================================================================================
DAG File Processing Stats

File Path                                 PID    Runtime      # DAGs    # Errors  Last Runtime    Last Run
----------------------------------------  -----  ---------  --------  ----------  --------------  -------------------
/opt/airflow/dags/daily_analytics_dag.py                           1           0  0.12s           2026-02-23T17:36:24
================================================================================
[2026-02-23T17:37:19.425+0000] {manager.py:878} INFO - 
================================================================================
DAG File Processing Stats

File Path                                 PID    Runtime      # DAGs    # Errors  Last Runtime    Last Run
----------------------------------------  -----  ---------  --------  ----------  --------------  -------------------
/opt/airflow/dags/daily_analytics_dag.py                           1           0  0.15s           2026-02-23T17:36:55
================================================================================
[2026-02-23T17:37:49.774+0000] {manager.py:878} INFO - 
================================================================================
DAG File Processing Stats

File Path                                 PID    Runtime      # DAGs    # Errors  Last Runtime    Last Run
----------------------------------------  -----  ---------  --------  ----------  --------------  -------------------
/opt/airflow/dags/daily_analytics_dag.py                           1           0  0.18s           2026-02-23T17:37:25
================================================================================
[2026-02-23T17:38:20.007+0000] {manager.py:878} INFO - 
================================================================================
DAG File Processing Stats

File Path                                 PID    Runtime      # DAGs    # Errors  Last Runtime    Last Run
----------------------------------------  -----  ---------  --------  ----------  --------------  -------------------
/opt/airflow/dags/daily_analytics_dag.py                           1           0  0.18s           2026-02-23T17:37:56
================================================================================
[2026-02-23T17:38:50.425+0000] {manager.py:878} INFO - 
================================================================================
DAG File Processing Stats

File Path                                 PID    Runtime      # DAGs    # Errors  Last Runtime    Last Run
----------------------------------------  -----  ---------  --------  ----------  --------------  -------------------
/opt/airflow/dags/daily_analytics_dag.py                           1           0  0.13s           2026-02-23T17:38:26
================================================================================
[2026-02-23T17:39:20.766+0000] {manager.py:878} INFO - 
================================================================================
DAG File Processing Stats

File Path                                 PID    Runtime      # DAGs    # Errors  Last Runtime    Last Run
----------------------------------------  -----  ---------  --------  ----------  --------------  -------------------
/opt/airflow/dags/daily_analytics_dag.py                           1           0  0.13s           2026-02-23T17:38:56
================================================================================
[2026-02-23T17:39:51.084+0000] {manager.py:878} INFO - 
================================================================================
DAG File Processing Stats

File Path                                 PID    Runtime      # DAGs    # Errors  Last Runtime    Last Run
----------------------------------------  -----  ---------  --------  ----------  --------------  -------------------
/opt/airflow/dags/daily_analytics_dag.py                           1           0  0.12s           2026-02-23T17:39:26
================================================================================
[2026-02-23T17:40:21.407+0000] {manager.py:878} INFO - 
================================================================================
DAG File Processing Stats

File Path                                 PID    Runtime      # DAGs    # Errors  Last Runtime    Last Run
----------------------------------------  -----  ---------  --------  ----------  --------------  -------------------
/opt/airflow/dags/daily_analytics_dag.py                           1           0  0.12s           2026-02-23T17:39:57
================================================================================
[2026-02-23T17:40:51.678+0000] {manager.py:878} INFO - 
================================================================================
DAG File Processing Stats

File Path                                 PID    Runtime      # DAGs    # Errors  Last Runtime    Last Run
----------------------------------------  -----  ---------  --------  ----------  --------------  -------------------
/opt/airflow/dags/daily_analytics_dag.py                           1           0  0.11s           2026-02-23T17:40:27
================================================================================
[2026-02-23T17:41:16.959+0000] {manager.py:737} INFO - Searching for files in /opt/airflow/dags
[2026-02-23T17:41:16.967+0000] {manager.py:740} INFO - There are 1 files in /opt/airflow/dags
[2026-02-23T17:41:22.027+0000] {manager.py:878} INFO - 
================================================================================
DAG File Processing Stats

File Path                                 PID    Runtime      # DAGs    # Errors  Last Runtime    Last Run
----------------------------------------  -----  ---------  --------  ----------  --------------  -------------------
/opt/airflow/dags/daily_analytics_dag.py                           1           0  0.11s           2026-02-23T17:40:57
================================================================================
[2026-02-23T17:41:52.300+0000] {manager.py:878} INFO - 
================================================================================
DAG File Processing Stats

File Path                                 PID    Runtime      # DAGs    # Errors  Last Runtime    Last Run
----------------------------------------  -----  ---------  --------  ----------  --------------  -------------------
/opt/airflow/dags/daily_analytics_dag.py                           1           0  0.11s           2026-02-23T17:41:28
================================================================================
[2026-02-23T17:42:22.592+0000] {manager.py:878} INFO - 
================================================================================
DAG File Processing Stats

File Path                                 PID    Runtime      # DAGs    # Errors  Last Runtime    Last Run
----------------------------------------  -----  ---------  --------  ----------  --------------  -------------------
/opt/airflow/dags/daily_analytics_dag.py                           1           0  0.11s           2026-02-23T17:41:58
================================================================================
[2026-02-23T17:42:52.854+0000] {manager.py:878} INFO - 
================================================================================
DAG File Processing Stats

File Path                                 PID    Runtime      # DAGs    # Errors  Last Runtime    Last Run
----------------------------------------  -----  ---------  --------  ----------  --------------  -------------------
/opt/airflow/dags/daily_analytics_dag.py                           1           0  0.12s           2026-02-23T17:42:28
================================================================================
[2026-02-23T17:43:23.083+0000] {manager.py:878} INFO - 
================================================================================
DAG File Processing Stats

File Path                                 PID    Runtime      # DAGs    # Errors  Last Runtime    Last Run
----------------------------------------  -----  ---------  --------  ----------  --------------  -------------------
/opt/airflow/dags/daily_analytics_dag.py                           1           0  0.09s           2026-02-23T17:42:58
================================================================================
[2026-02-23T17:43:53.299+0000] {manager.py:878} INFO - 
================================================================================
DAG File Processing Stats

File Path                                 PID    Runtime      # DAGs    # Errors  Last Runtime    Last Run
----------------------------------------  -----  ---------  --------  ----------  --------------  -------------------
/opt/airflow/dags/daily_analytics_dag.py                           1           0  0.10s           2026-02-23T17:43:29
================================================================================
[2026-02-23T17:44:23.640+0000] {manager.py:878} INFO - 
================================================================================
DAG File Processing Stats

File Path                                 PID    Runtime      # DAGs    # Errors  Last Runtime    Last Run
----------------------------------------  -----  ---------  --------  ----------  --------------  -------------------
/opt/airflow/dags/daily_analytics_dag.py                           1           0  0.10s           2026-02-23T17:43:59
================================================================================
[2026-02-23T17:44:53.923+0000] {manager.py:878} INFO - 
================================================================================
DAG File Processing Stats

File Path                                 PID    Runtime      # DAGs    # Errors  Last Runtime    Last Run
----------------------------------------  -----  ---------  --------  ----------  --------------  -------------------
/opt/airflow/dags/daily_analytics_dag.py                           1           0  0.12s           2026-02-23T17:44:29
================================================================================
[2026-02-23T17:45:24.201+0000] {manager.py:878} INFO - 
================================================================================
DAG File Processing Stats

File Path                                 PID    Runtime      # DAGs    # Errors  Last Runtime    Last Run
----------------------------------------  -----  ---------  --------  ----------  --------------  -------------------
/opt/airflow/dags/daily_analytics_dag.py                           1           0  0.10s           2026-02-23T17:45:00
================================================================================
[2026-02-23T17:45:54.468+0000] {manager.py:878} INFO - 
================================================================================
DAG File Processing Stats

File Path                                 PID    Runtime      # DAGs    # Errors  Last Runtime    Last Run
----------------------------------------  -----  ---------  --------  ----------  --------------  -------------------
/opt/airflow/dags/daily_analytics_dag.py                           1           0  0.10s           2026-02-23T17:45:30
================================================================================
[2026-02-23T17:46:17.741+0000] {manager.py:737} INFO - Searching for files in /opt/airflow/dags
[2026-02-23T17:46:17.756+0000] {manager.py:740} INFO - There are 1 files in /opt/airflow/dags
[2026-02-23T17:46:24.863+0000] {manager.py:878} INFO - 
================================================================================
DAG File Processing Stats

File Path                                 PID    Runtime      # DAGs    # Errors  Last Runtime    Last Run
----------------------------------------  -----  ---------  --------  ----------  --------------  -------------------
/opt/airflow/dags/daily_analytics_dag.py                           1           0  0.09s           2026-02-23T17:46:00
================================================================================
[2026-02-23T17:46:55.236+0000] {manager.py:878} INFO - 
================================================================================
DAG File Processing Stats

File Path                                 PID    Runtime      # DAGs    # Errors  Last Runtime    Last Run
----------------------------------------  -----  ---------  --------  ----------  --------------  -------------------
/opt/airflow/dags/daily_analytics_dag.py                           1           0  0.12s           2026-02-23T17:46:31
================================================================================
[2026-02-23T17:47:25.579+0000] {manager.py:878} INFO - 
================================================================================
DAG File Processing Stats

File Path                                 PID    Runtime      # DAGs    # Errors  Last Runtime    Last Run
----------------------------------------  -----  ---------  --------  ----------  --------------  -------------------
/opt/airflow/dags/daily_analytics_dag.py                           1           0  0.11s           2026-02-23T17:47:01
================================================================================
[2026-02-23T17:47:55.922+0000] {manager.py:878} INFO - 
================================================================================
DAG File Processing Stats

File Path                                 PID    Runtime      # DAGs    # Errors  Last Runtime    Last Run
----------------------------------------  -----  ---------  --------  ----------  --------------  -------------------
/opt/airflow/dags/daily_analytics_dag.py                           1           0  0.11s           2026-02-23T17:47:31
================================================================================
[2026-02-23T17:48:26.286+0000] {manager.py:878} INFO - 
================================================================================
DAG File Processing Stats

File Path                                 PID    Runtime      # DAGs    # Errors  Last Runtime    Last Run
----------------------------------------  -----  ---------  --------  ----------  --------------  -------------------
/opt/airflow/dags/daily_analytics_dag.py                           1           0  0.08s           2026-02-23T17:48:02
================================================================================
[2026-02-23T17:48:56.630+0000] {manager.py:878} INFO - 
================================================================================
DAG File Processing Stats

File Path                                 PID    Runtime      # DAGs    # Errors  Last Runtime    Last Run
----------------------------------------  -----  ---------  --------  ----------  --------------  -------------------
/opt/airflow/dags/daily_analytics_dag.py                           1           0  0.16s           2026-02-23T17:48:32
================================================================================
[2026-02-23T17:49:27.021+0000] {manager.py:878} INFO - 
================================================================================
DAG File Processing Stats

File Path                                 PID    Runtime      # DAGs    # Errors  Last Runtime    Last Run
----------------------------------------  -----  ---------  --------  ----------  --------------  -------------------
/opt/airflow/dags/daily_analytics_dag.py                           1           0  0.14s           2026-02-23T17:49:02
================================================================================
[2026-02-23T17:49:57.384+0000] {manager.py:878} INFO - 
================================================================================
DAG File Processing Stats

File Path                                 PID    Runtime      # DAGs    # Errors  Last Runtime    Last Run
----------------------------------------  -----  ---------  --------  ----------  --------------  -------------------
/opt/airflow/dags/daily_analytics_dag.py                           1           0  0.12s           2026-02-23T17:49:33
================================================================================
[2026-02-23T17:50:27.778+0000] {manager.py:878} INFO - 
================================================================================
DAG File Processing Stats

File Path                                 PID    Runtime      # DAGs    # Errors  Last Runtime    Last Run
----------------------------------------  -----  ---------  --------  ----------  --------------  -------------------
/opt/airflow/dags/daily_analytics_dag.py                           1           0  0.10s           2026-02-23T17:50:03
================================================================================
[2026-02-23T17:50:58.097+0000] {manager.py:878} INFO - 
================================================================================
DAG File Processing Stats

File Path                                 PID    Runtime      # DAGs    # Errors  Last Runtime    Last Run
----------------------------------------  -----  ---------  --------  ----------  --------------  -------------------
/opt/airflow/dags/daily_analytics_dag.py                           1           0  0.12s           2026-02-23T17:50:33
================================================================================
[2026-02-23T17:51:18.266+0000] {manager.py:737} INFO - Searching for files in /opt/airflow/dags
[2026-02-23T17:51:18.278+0000] {manager.py:740} INFO - There are 1 files in /opt/airflow/dags
[2026-02-23T17:51:28.360+0000] {manager.py:878} INFO - 
================================================================================
DAG File Processing Stats

File Path                                 PID    Runtime      # DAGs    # Errors  Last Runtime    Last Run
----------------------------------------  -----  ---------  --------  ----------  --------------  -------------------
/opt/airflow/dags/daily_analytics_dag.py                           1           0  0.07s           2026-02-23T17:51:04
================================================================================
[2026-02-23T17:51:58.649+0000] {manager.py:878} INFO - 
================================================================================
DAG File Processing Stats

File Path                                 PID    Runtime      # DAGs    # Errors  Last Runtime    Last Run
----------------------------------------  -----  ---------  --------  ----------  --------------  -------------------
/opt/airflow/dags/daily_analytics_dag.py                           1           0  0.12s           2026-02-23T17:51:34
================================================================================
[2026-02-23T17:52:29.032+0000] {manager.py:878} INFO - 
================================================================================
DAG File Processing Stats

File Path                                 PID    Runtime      # DAGs    # Errors  Last Runtime    Last Run
----------------------------------------  -----  ---------  --------  ----------  --------------  -------------------
/opt/airflow/dags/daily_analytics_dag.py                           1           0  0.09s           2026-02-23T17:52:04
================================================================================
[2026-02-23T17:52:59.392+0000] {manager.py:878} INFO - 
================================================================================
DAG File Processing Stats

File Path                                 PID    Runtime      # DAGs    # Errors  Last Runtime    Last Run
----------------------------------------  -----  ---------  --------  ----------  --------------  -------------------
/opt/airflow/dags/daily_analytics_dag.py                           1           0  0.12s           2026-02-23T17:52:35
================================================================================
[2026-02-23T17:53:29.692+0000] {manager.py:878} INFO - 
================================================================================
DAG File Processing Stats

File Path                                 PID    Runtime      # DAGs    # Errors  Last Runtime    Last Run
----------------------------------------  -----  ---------  --------  ----------  --------------  -------------------
/opt/airflow/dags/daily_analytics_dag.py                           1           0  0.05s           2026-02-23T17:53:05
================================================================================
[2026-02-23T17:54:00.051+0000] {manager.py:878} INFO - 
================================================================================
DAG File Processing Stats

File Path                                 PID    Runtime      # DAGs    # Errors  Last Runtime    Last Run
----------------------------------------  -----  ---------  --------  ----------  --------------  -------------------
/opt/airflow/dags/daily_analytics_dag.py                           1           0  0.13s           2026-02-23T17:53:35
================================================================================
[2026-02-23T17:54:30.382+0000] {manager.py:878} INFO - 
================================================================================
DAG File Processing Stats

File Path                                 PID    Runtime      # DAGs    # Errors  Last Runtime    Last Run
----------------------------------------  -----  ---------  --------  ----------  --------------  -------------------
/opt/airflow/dags/daily_analytics_dag.py                           1           0  0.06s           2026-02-23T17:54:06
================================================================================
[2026-02-23T17:55:00.674+0000] {manager.py:878} INFO - 
================================================================================
DAG File Processing Stats

File Path                                 PID    Runtime      # DAGs    # Errors  Last Runtime    Last Run
----------------------------------------  -----  ---------  --------  ----------  --------------  -------------------
/opt/airflow/dags/daily_analytics_dag.py                           1           0  0.09s           2026-02-23T17:54:36
================================================================================
[2026-02-23T17:55:31.016+0000] {manager.py:878} INFO - 
================================================================================
DAG File Processing Stats

File Path                                 PID    Runtime      # DAGs    # Errors  Last Runtime    Last Run
----------------------------------------  -----  ---------  --------  ----------  --------------  -------------------
/opt/airflow/dags/daily_analytics_dag.py                           1           0  0.11s           2026-02-23T17:55:06
================================================================================
[2026-02-23T17:56:01.386+0000] {manager.py:878} INFO - 
================================================================================
DAG File Processing Stats

File Path                                 PID    Runtime      # DAGs    # Errors  Last Runtime    Last Run
----------------------------------------  -----  ---------  --------  ----------  --------------  -------------------
/opt/airflow/dags/daily_analytics_dag.py                           1           0  0.12s           2026-02-23T17:55:37
================================================================================
[2026-02-23T17:56:18.598+0000] {manager.py:737} INFO - Searching for files in /opt/airflow/dags
[2026-02-23T17:56:18.614+0000] {manager.py:740} INFO - There are 1 files in /opt/airflow/dags
[2026-02-23T17:56:31.777+0000] {manager.py:878} INFO - 
================================================================================
DAG File Processing Stats

File Path                                 PID    Runtime      # DAGs    # Errors  Last Runtime    Last Run
----------------------------------------  -----  ---------  --------  ----------  --------------  -------------------
/opt/airflow/dags/daily_analytics_dag.py                           1           0  0.12s           2026-02-23T17:56:07
================================================================================
[2026-02-23T17:57:02.108+0000] {manager.py:878} INFO - 
================================================================================
DAG File Processing Stats

File Path                                 PID    Runtime      # DAGs    # Errors  Last Runtime    Last Run
----------------------------------------  -----  ---------  --------  ----------  --------------  -------------------
/opt/airflow/dags/daily_analytics_dag.py                           1           0  0.09s           2026-02-23T17:56:37
================================================================================
[2026-02-23T17:57:32.428+0000] {manager.py:878} INFO - 
================================================================================
DAG File Processing Stats

File Path                                 PID    Runtime      # DAGs    # Errors  Last Runtime    Last Run
----------------------------------------  -----  ---------  --------  ----------  --------------  -------------------
/opt/airflow/dags/daily_analytics_dag.py                           1           0  0.11s           2026-02-23T17:57:08
================================================================================
[2026-02-23T17:58:02.732+0000] {manager.py:878} INFO - 
================================================================================
DAG File Processing Stats

File Path                                 PID    Runtime      # DAGs    # Errors  Last Runtime    Last Run
----------------------------------------  -----  ---------  --------  ----------  --------------  -------------------
/opt/airflow/dags/daily_analytics_dag.py                           1           0  0.14s           2026-02-23T17:57:38
================================================================================
[2026-02-23T17:58:33.035+0000] {manager.py:878} INFO - 
================================================================================
DAG File Processing Stats

File Path                                 PID    Runtime      # DAGs    # Errors  Last Runtime    Last Run
----------------------------------------  -----  ---------  --------  ----------  --------------  -------------------
/opt/airflow/dags/daily_analytics_dag.py                           1           0  0.10s           2026-02-23T17:58:08
================================================================================
[2026-02-23T17:59:03.371+0000] {manager.py:878} INFO - 
================================================================================
DAG File Processing Stats

File Path                                 PID    Runtime      # DAGs    # Errors  Last Runtime    Last Run
----------------------------------------  -----  ---------  --------  ----------  --------------  -------------------
/opt/airflow/dags/daily_analytics_dag.py                           1           0  0.14s           2026-02-23T17:58:39
================================================================================
[2026-02-23T17:59:33.726+0000] {manager.py:878} INFO - 
================================================================================
DAG File Processing Stats

File Path                                 PID    Runtime      # DAGs    # Errors  Last Runtime    Last Run
----------------------------------------  -----  ---------  --------  ----------  --------------  -------------------
/opt/airflow/dags/daily_analytics_dag.py                           1           0  0.07s           2026-02-23T17:59:09
================================================================================
[2026-02-23T18:00:04.114+0000] {manager.py:878} INFO - 
================================================================================
DAG File Processing Stats

File Path                                 PID    Runtime      # DAGs    # Errors  Last Runtime    Last Run
----------------------------------------  -----  ---------  --------  ----------  --------------  -------------------
/opt/airflow/dags/daily_analytics_dag.py                           1           0  0.12s           2026-02-23T17:59:39
================================================================================
[2026-02-23T18:00:34.459+0000] {manager.py:878} INFO - 
================================================================================
DAG File Processing Stats

File Path                                 PID    Runtime      # DAGs    # Errors  Last Runtime    Last Run
----------------------------------------  -----  ---------  --------  ----------  --------------  -------------------
/opt/airflow/dags/daily_analytics_dag.py                           1           0  0.12s           2026-02-23T18:00:10
================================================================================
[2026-02-23T18:01:04.762+0000] {manager.py:878} INFO - 
================================================================================
DAG File Processing Stats

File Path                                 PID    Runtime      # DAGs    # Errors  Last Runtime    Last Run
----------------------------------------  -----  ---------  --------  ----------  --------------  -------------------
/opt/airflow/dags/daily_analytics_dag.py                           1           0  0.15s           2026-02-23T18:00:40
================================================================================
[2026-02-23T18:01:18.948+0000] {manager.py:737} INFO - Searching for files in /opt/airflow/dags
[2026-02-23T18:01:18.954+0000] {manager.py:740} INFO - There are 1 files in /opt/airflow/dags
[2026-02-23T18:01:35.133+0000] {manager.py:878} INFO - 
================================================================================
DAG File Processing Stats

File Path                                 PID    Runtime      # DAGs    # Errors  Last Runtime    Last Run
----------------------------------------  -----  ---------  --------  ----------  --------------  -------------------
/opt/airflow/dags/daily_analytics_dag.py                           1           0  0.12s           2026-02-23T18:01:10
================================================================================
[2026-02-23T18:02:05.415+0000] {manager.py:878} INFO - 
================================================================================
DAG File Processing Stats

File Path                                 PID    Runtime      # DAGs    # Errors  Last Runtime    Last Run
----------------------------------------  -----  ---------  --------  ----------  --------------  -------------------
/opt/airflow/dags/daily_analytics_dag.py                           1           0  0.14s           2026-02-23T18:01:41
================================================================================
[2026-02-23T18:02:35.646+0000] {manager.py:878} INFO - 
================================================================================
DAG File Processing Stats

File Path                                 PID    Runtime      # DAGs    # Errors  Last Runtime    Last Run
----------------------------------------  -----  ---------  --------  ----------  --------------  -------------------
/opt/airflow/dags/daily_analytics_dag.py                           1           0  0.09s           2026-02-23T18:02:11
================================================================================
[2026-02-23T18:03:06.015+0000] {manager.py:878} INFO - 
================================================================================
DAG File Processing Stats

File Path                                 PID    Runtime      # DAGs    # Errors  Last Runtime    Last Run
----------------------------------------  -----  ---------  --------  ----------  --------------  -------------------
/opt/airflow/dags/daily_analytics_dag.py                           1           0  0.12s           2026-02-23T18:02:41
================================================================================
[2026-02-23T18:03:36.311+0000] {manager.py:878} INFO - 
================================================================================
DAG File Processing Stats

File Path                                 PID    Runtime      # DAGs    # Errors  Last Runtime    Last Run
----------------------------------------  -----  ---------  --------  ----------  --------------  -------------------
/opt/airflow/dags/daily_analytics_dag.py                           1           0  0.10s           2026-02-23T18:03:12
================================================================================
[2026-02-23T18:04:06.584+0000] {manager.py:878} INFO - 
================================================================================
DAG File Processing Stats

File Path                                 PID    Runtime      # DAGs    # Errors  Last Runtime    Last Run
----------------------------------------  -----  ---------  --------  ----------  --------------  -------------------
/opt/airflow/dags/daily_analytics_dag.py                           1           0  0.12s           2026-02-23T18:03:42
================================================================================
[2026-02-23T18:04:36.884+0000] {manager.py:878} INFO - 
================================================================================
DAG File Processing Stats

File Path                                 PID    Runtime      # DAGs    # Errors  Last Runtime    Last Run
----------------------------------------  -----  ---------  --------  ----------  --------------  -------------------
/opt/airflow/dags/daily_analytics_dag.py                           1           0  0.09s           2026-02-23T18:04:12
================================================================================
[2026-02-23T18:05:07.171+0000] {manager.py:878} INFO - 
================================================================================
DAG File Processing Stats

File Path                                 PID    Runtime      # DAGs    # Errors  Last Runtime    Last Run
----------------------------------------  -----  ---------  --------  ----------  --------------  -------------------
/opt/airflow/dags/daily_analytics_dag.py                           1           0  0.12s           2026-02-23T18:04:43
================================================================================
[2026-02-23T18:05:37.427+0000] {manager.py:878} INFO - 
================================================================================
DAG File Processing Stats

File Path                                 PID    Runtime      # DAGs    # Errors  Last Runtime    Last Run
----------------------------------------  -----  ---------  --------  ----------  --------------  -------------------
/opt/airflow/dags/daily_analytics_dag.py                           1           0  0.10s           2026-02-23T18:05:13
================================================================================
[2026-02-23T18:06:07.742+0000] {manager.py:878} INFO - 
================================================================================
DAG File Processing Stats

File Path                                 PID    Runtime      # DAGs    # Errors  Last Runtime    Last Run
----------------------------------------  -----  ---------  --------  ----------  --------------  -------------------
/opt/airflow/dags/daily_analytics_dag.py                           1           0  0.13s           2026-02-23T18:05:43
================================================================================
[2026-02-23T18:06:19.891+0000] {manager.py:737} INFO - Searching for files in /opt/airflow/dags
[2026-02-23T18:06:19.895+0000] {manager.py:740} INFO - There are 1 files in /opt/airflow/dags
[2026-02-23T18:06:38.032+0000] {manager.py:878} INFO - 
================================================================================
DAG File Processing Stats

File Path                                 PID    Runtime      # DAGs    # Errors  Last Runtime    Last Run
----------------------------------------  -----  ---------  --------  ----------  --------------  -------------------
/opt/airflow/dags/daily_analytics_dag.py                           1           0  0.11s           2026-02-23T18:06:13
================================================================================
[2026-02-23T18:07:08.258+0000] {manager.py:878} INFO - 
================================================================================
DAG File Processing Stats

File Path                                 PID    Runtime      # DAGs    # Errors  Last Runtime    Last Run
----------------------------------------  -----  ---------  --------  ----------  --------------  -------------------
/opt/airflow/dags/daily_analytics_dag.py                           1           0  0.09s           2026-02-23T18:06:44
================================================================================
[2026-02-23T18:07:38.559+0000] {manager.py:878} INFO - 
================================================================================
DAG File Processing Stats

File Path                                 PID    Runtime      # DAGs    # Errors  Last Runtime    Last Run
----------------------------------------  -----  ---------  --------  ----------  --------------  -------------------
/opt/airflow/dags/daily_analytics_dag.py                           1           0  0.09s           2026-02-23T18:07:14
================================================================================
[2026-02-23T18:08:08.831+0000] {manager.py:878} INFO - 
================================================================================
DAG File Processing Stats

File Path                                 PID    Runtime      # DAGs    # Errors  Last Runtime    Last Run
----------------------------------------  -----  ---------  --------  ----------  --------------  -------------------
/opt/airflow/dags/daily_analytics_dag.py                           1           0  0.12s           2026-02-23T18:07:44
================================================================================
[2026-02-23T18:08:39.136+0000] {manager.py:878} INFO - 
================================================================================
DAG File Processing Stats

File Path                                 PID    Runtime      # DAGs    # Errors  Last Runtime    Last Run
----------------------------------------  -----  ---------  --------  ----------  --------------  -------------------
/opt/airflow/dags/daily_analytics_dag.py                           1           0  0.12s           2026-02-23T18:08:15
================================================================================
[2026-02-23T18:09:09.439+0000] {manager.py:878} INFO - 
================================================================================
DAG File Processing Stats

File Path                                 PID    Runtime      # DAGs    # Errors  Last Runtime    Last Run
----------------------------------------  -----  ---------  --------  ----------  --------------  -------------------
/opt/airflow/dags/daily_analytics_dag.py                           1           0  0.13s           2026-02-23T18:08:45
================================================================================
[2026-02-23T18:09:39.754+0000] {manager.py:878} INFO - 
================================================================================
DAG File Processing Stats

File Path                                 PID    Runtime      # DAGs    # Errors  Last Runtime    Last Run
----------------------------------------  -----  ---------  --------  ----------  --------------  -------------------
/opt/airflow/dags/daily_analytics_dag.py                           1           0  0.11s           2026-02-23T18:09:15
================================================================================
[2026-02-23T18:10:10.016+0000] {manager.py:878} INFO - 
================================================================================
DAG File Processing Stats

File Path                                 PID    Runtime      # DAGs    # Errors  Last Runtime    Last Run
----------------------------------------  -----  ---------  --------  ----------  --------------  -------------------
/opt/airflow/dags/daily_analytics_dag.py                           1           0  0.13s           2026-02-23T18:09:45
================================================================================
[2026-02-23T18:10:40.245+0000] {manager.py:878} INFO - 
================================================================================
DAG File Processing Stats

File Path                                 PID    Runtime      # DAGs    # Errors  Last Runtime    Last Run
----------------------------------------  -----  ---------  --------  ----------  --------------  -------------------
/opt/airflow/dags/daily_analytics_dag.py                           1           0  0.06s           2026-02-23T18:10:16
================================================================================
[2026-02-23T18:11:10.502+0000] {manager.py:878} INFO - 
================================================================================
DAG File Processing Stats

File Path                                 PID    Runtime      # DAGs    # Errors  Last Runtime    Last Run
----------------------------------------  -----  ---------  --------  ----------  --------------  -------------------
/opt/airflow/dags/daily_analytics_dag.py                           1           0  0.12s           2026-02-23T18:10:46
================================================================================
[2026-02-23T18:11:20.633+0000] {manager.py:737} INFO - Searching for files in /opt/airflow/dags
[2026-02-23T18:11:20.640+0000] {manager.py:740} INFO - There are 1 files in /opt/airflow/dags
[2026-02-23T18:11:40.822+0000] {manager.py:878} INFO - 
================================================================================
DAG File Processing Stats

File Path                                 PID    Runtime      # DAGs    # Errors  Last Runtime    Last Run
----------------------------------------  -----  ---------  --------  ----------  --------------  -------------------
/opt/airflow/dags/daily_analytics_dag.py                           1           0  0.08s           2026-02-23T18:11:16
================================================================================
[2026-02-23T18:12:11.134+0000] {manager.py:878} INFO - 
================================================================================
DAG File Processing Stats

File Path                                 PID    Runtime      # DAGs    # Errors  Last Runtime    Last Run
----------------------------------------  -----  ---------  --------  ----------  --------------  -------------------
/opt/airflow/dags/daily_analytics_dag.py                           1           0  0.12s           2026-02-23T18:11:46
================================================================================
[2026-02-23T18:12:41.391+0000] {manager.py:878} INFO - 
================================================================================
DAG File Processing Stats

File Path                                 PID    Runtime      # DAGs    # Errors  Last Runtime    Last Run
----------------------------------------  -----  ---------  --------  ----------  --------------  -------------------
/opt/airflow/dags/daily_analytics_dag.py                           1           0  0.08s           2026-02-23T18:12:17
================================================================================
[2026-02-23T18:13:11.676+0000] {manager.py:878} INFO - 
================================================================================
DAG File Processing Stats

File Path                                 PID    Runtime      # DAGs    # Errors  Last Runtime    Last Run
----------------------------------------  -----  ---------  --------  ----------  --------------  -------------------
/opt/airflow/dags/daily_analytics_dag.py                           1           0  0.11s           2026-02-23T18:12:47
================================================================================
[2026-02-23T18:13:41.928+0000] {manager.py:878} INFO - 
================================================================================
DAG File Processing Stats

File Path                                 PID    Runtime      # DAGs    # Errors  Last Runtime    Last Run
----------------------------------------  -----  ---------  --------  ----------  --------------  -------------------
/opt/airflow/dags/daily_analytics_dag.py                           1           0  0.09s           2026-02-23T18:13:17
================================================================================
[2026-02-23T18:14:12.226+0000] {manager.py:878} INFO - 
================================================================================
DAG File Processing Stats

File Path                                 PID    Runtime      # DAGs    # Errors  Last Runtime    Last Run
----------------------------------------  -----  ---------  --------  ----------  --------------  -------------------
/opt/airflow/dags/daily_analytics_dag.py                           1           0  0.15s           2026-02-23T18:13:48
================================================================================
[2026-02-23T18:14:42.523+0000] {manager.py:878} INFO - 
================================================================================
DAG File Processing Stats

File Path                                 PID    Runtime      # DAGs    # Errors  Last Runtime    Last Run
----------------------------------------  -----  ---------  --------  ----------  --------------  -------------------
/opt/airflow/dags/daily_analytics_dag.py                           1           0  0.11s           2026-02-23T18:14:18
================================================================================
[2026-02-23T18:15:12.789+0000] {manager.py:878} INFO - 
================================================================================
DAG File Processing Stats

File Path                                 PID    Runtime      # DAGs    # Errors  Last Runtime    Last Run
----------------------------------------  -----  ---------  --------  ----------  --------------  -------------------
/opt/airflow/dags/daily_analytics_dag.py                           1           0  0.12s           2026-02-23T18:14:48
================================================================================
[2026-02-23T18:15:43.061+0000] {manager.py:878} INFO - 
================================================================================
DAG File Processing Stats

File Path                                 PID    Runtime      # DAGs    # Errors  Last Runtime    Last Run
----------------------------------------  -----  ---------  --------  ----------  --------------  -------------------
/opt/airflow/dags/daily_analytics_dag.py                           1           0  0.09s           2026-02-23T18:15:18
================================================================================
[2026-02-23T18:16:13.361+0000] {manager.py:878} INFO - 
================================================================================
DAG File Processing Stats

File Path                                 PID    Runtime      # DAGs    # Errors  Last Runtime    Last Run
----------------------------------------  -----  ---------  --------  ----------  --------------  -------------------
/opt/airflow/dags/daily_analytics_dag.py                           1           0  0.13s           2026-02-23T18:15:49
================================================================================
[2026-02-23T18:16:21.470+0000] {manager.py:737} INFO - Searching for files in /opt/airflow/dags
[2026-02-23T18:16:21.483+0000] {manager.py:740} INFO - There are 1 files in /opt/airflow/dags
[2026-02-23T18:16:43.681+0000] {manager.py:878} INFO - 
================================================================================
DAG File Processing Stats

File Path                                 PID    Runtime      # DAGs    # Errors  Last Runtime    Last Run
----------------------------------------  -----  ---------  --------  ----------  --------------  -------------------
/opt/airflow/dags/daily_analytics_dag.py                           1           0  0.10s           2026-02-23T18:16:19
================================================================================
[2026-02-23T18:17:13.984+0000] {manager.py:878} INFO - 
================================================================================
DAG File Processing Stats

File Path                                 PID    Runtime      # DAGs    # Errors  Last Runtime    Last Run
----------------------------------------  -----  ---------  --------  ----------  --------------  -------------------
/opt/airflow/dags/daily_analytics_dag.py                           1           0  0.12s           2026-02-23T18:16:49
================================================================================
[2026-02-23T18:17:44.257+0000] {manager.py:878} INFO - 
================================================================================
DAG File Processing Stats

File Path                                 PID    Runtime      # DAGs    # Errors  Last Runtime    Last Run
----------------------------------------  -----  ---------  --------  ----------  --------------  -------------------
/opt/airflow/dags/daily_analytics_dag.py                           1           0  0.08s           2026-02-23T18:17:20
================================================================================
[2026-02-23T18:18:14.574+0000] {manager.py:878} INFO - 
================================================================================
DAG File Processing Stats

File Path                                 PID    Runtime      # DAGs    # Errors  Last Runtime    Last Run
----------------------------------------  -----  ---------  --------  ----------  --------------  -------------------
/opt/airflow/dags/daily_analytics_dag.py                           1           0  0.14s           2026-02-23T18:17:50
================================================================================
[2026-02-23T18:18:44.907+0000] {manager.py:878} INFO - 
================================================================================
DAG File Processing Stats

File Path                                 PID    Runtime      # DAGs    # Errors  Last Runtime    Last Run
----------------------------------------  -----  ---------  --------  ----------  --------------  -------------------
/opt/airflow/dags/daily_analytics_dag.py                           1           0  0.10s           2026-02-23T18:18:20
================================================================================
[2026-02-23T18:19:15.168+0000] {manager.py:878} INFO - 
================================================================================
DAG File Processing Stats

File Path                                 PID    Runtime      # DAGs    # Errors  Last Runtime    Last Run
----------------------------------------  -----  ---------  --------  ----------  --------------  -------------------
/opt/airflow/dags/daily_analytics_dag.py                           1           0  0.11s           2026-02-23T18:18:51
================================================================================
[2026-02-23T18:19:45.477+0000] {manager.py:878} INFO - 
================================================================================
DAG File Processing Stats

File Path                                 PID    Runtime      # DAGs    # Errors  Last Runtime    Last Run
----------------------------------------  -----  ---------  --------  ----------  --------------  -------------------
/opt/airflow/dags/daily_analytics_dag.py                           1           0  0.19s           2026-02-23T18:19:21
================================================================================
[2026-02-23T18:20:15.768+0000] {manager.py:878} INFO - 
================================================================================
DAG File Processing Stats

File Path                                 PID    Runtime      # DAGs    # Errors  Last Runtime    Last Run
----------------------------------------  -----  ---------  --------  ----------  --------------  -------------------
/opt/airflow/dags/daily_analytics_dag.py                           1           0  0.12s           2026-02-23T18:19:51
================================================================================
[2026-02-23T18:20:46.048+0000] {manager.py:878} INFO - 
================================================================================
DAG File Processing Stats

File Path                                 PID    Runtime      # DAGs    # Errors  Last Runtime    Last Run
----------------------------------------  -----  ---------  --------  ----------  --------------  -------------------
/opt/airflow/dags/daily_analytics_dag.py                           1           0  0.12s           2026-02-23T18:20:21
================================================================================
[2026-02-23T18:21:16.369+0000] {manager.py:878} INFO - 
================================================================================
DAG File Processing Stats

File Path                                 PID    Runtime      # DAGs    # Errors  Last Runtime    Last Run
----------------------------------------  -----  ---------  --------  ----------  --------------  -------------------
/opt/airflow/dags/daily_analytics_dag.py                           1           0  0.12s           2026-02-23T18:20:52
================================================================================
[2026-02-23T18:21:22.426+0000] {manager.py:737} INFO - Searching for files in /opt/airflow/dags
[2026-02-23T18:21:22.433+0000] {manager.py:740} INFO - There are 1 files in /opt/airflow/dags
[2026-02-23T18:21:46.667+0000] {manager.py:878} INFO - 
================================================================================
DAG File Processing Stats

File Path                                 PID    Runtime      # DAGs    # Errors  Last Runtime    Last Run
----------------------------------------  -----  ---------  --------  ----------  --------------  -------------------
/opt/airflow/dags/daily_analytics_dag.py                           1           0  0.14s           2026-02-23T18:21:22
================================================================================
[2026-02-23T18:22:17.018+0000] {manager.py:878} INFO - 
================================================================================
DAG File Processing Stats

File Path                                 PID    Runtime      # DAGs    # Errors  Last Runtime    Last Run
----------------------------------------  -----  ---------  --------  ----------  --------------  -------------------
/opt/airflow/dags/daily_analytics_dag.py                           1           0  0.09s           2026-02-23T18:21:52
================================================================================
[2026-02-23T18:22:47.339+0000] {manager.py:878} INFO - 
================================================================================
DAG File Processing Stats

File Path                                 PID    Runtime      # DAGs    # Errors  Last Runtime    Last Run
----------------------------------------  -----  ---------  --------  ----------  --------------  -------------------
/opt/airflow/dags/daily_analytics_dag.py                           1           0  0.17s           2026-02-23T18:22:23
================================================================================
[2026-02-23T18:23:17.674+0000] {manager.py:878} INFO - 
================================================================================
DAG File Processing Stats

File Path                                 PID    Runtime      # DAGs    # Errors  Last Runtime    Last Run
----------------------------------------  -----  ---------  --------  ----------  --------------  -------------------
/opt/airflow/dags/daily_analytics_dag.py                           1           0  0.12s           2026-02-23T18:22:53
================================================================================
[2026-02-23T18:23:47.975+0000] {manager.py:878} INFO - 
================================================================================
DAG File Processing Stats

File Path                                 PID    Runtime      # DAGs    # Errors  Last Runtime    Last Run
----------------------------------------  -----  ---------  --------  ----------  --------------  -------------------
/opt/airflow/dags/daily_analytics_dag.py                           1           0  0.14s           2026-02-23T18:23:23
================================================================================
[2026-02-23T18:24:18.245+0000] {manager.py:878} INFO - 
================================================================================
DAG File Processing Stats

File Path                                 PID    Runtime      # DAGs    # Errors  Last Runtime    Last Run
----------------------------------------  -----  ---------  --------  ----------  --------------  -------------------
/opt/airflow/dags/daily_analytics_dag.py                           1           0  0.12s           2026-02-23T18:23:54
================================================================================
[2026-02-23T18:24:48.570+0000] {manager.py:878} INFO - 
================================================================================
DAG File Processing Stats

File Path                                 PID    Runtime      # DAGs    # Errors  Last Runtime    Last Run
----------------------------------------  -----  ---------  --------  ----------  --------------  -------------------
/opt/airflow/dags/daily_analytics_dag.py                           1           0  0.12s           2026-02-23T18:24:24
================================================================================
[2026-02-23T18:25:18.848+0000] {manager.py:878} INFO - 
================================================================================
DAG File Processing Stats

File Path                                 PID    Runtime      # DAGs    # Errors  Last Runtime    Last Run
----------------------------------------  -----  ---------  --------  ----------  --------------  -------------------
/opt/airflow/dags/daily_analytics_dag.py                           1           0  0.09s           2026-02-23T18:24:54
================================================================================
[2026-02-23T18:25:49.171+0000] {manager.py:878} INFO - 
================================================================================
DAG File Processing Stats

File Path                                 PID    Runtime      # DAGs    # Errors  Last Runtime    Last Run
----------------------------------------  -----  ---------  --------  ----------  --------------  -------------------
/opt/airflow/dags/daily_analytics_dag.py                           1           0  0.12s           2026-02-23T18:25:25
================================================================================
[2026-02-23T18:26:19.444+0000] {manager.py:878} INFO - 
================================================================================
DAG File Processing Stats

File Path                                 PID    Runtime      # DAGs    # Errors  Last Runtime    Last Run
----------------------------------------  -----  ---------  --------  ----------  --------------  -------------------
/opt/airflow/dags/daily_analytics_dag.py                           1           0  0.12s           2026-02-23T18:25:55
================================================================================
[2026-02-23T18:26:22.476+0000] {manager.py:737} INFO - Searching for files in /opt/airflow/dags
[2026-02-23T18:26:22.485+0000] {manager.py:740} INFO - There are 1 files in /opt/airflow/dags
[2026-02-23T18:26:49.755+0000] {manager.py:878} INFO - 
================================================================================
DAG File Processing Stats

File Path                                 PID    Runtime      # DAGs    # Errors  Last Runtime    Last Run
----------------------------------------  -----  ---------  --------  ----------  --------------  -------------------
/opt/airflow/dags/daily_analytics_dag.py                           1           0  0.14s           2026-02-23T18:26:25
================================================================================
[2026-02-23T18:27:20.046+0000] {manager.py:878} INFO - 
================================================================================
DAG File Processing Stats

File Path                                 PID    Runtime      # DAGs    # Errors  Last Runtime    Last Run
----------------------------------------  -----  ---------  --------  ----------  --------------  -------------------
/opt/airflow/dags/daily_analytics_dag.py                           1           0  0.13s           2026-02-23T18:26:55
================================================================================
[2026-02-23T18:27:50.327+0000] {manager.py:878} INFO - 
================================================================================
DAG File Processing Stats

File Path                                 PID    Runtime      # DAGs    # Errors  Last Runtime    Last Run
----------------------------------------  -----  ---------  --------  ----------  --------------  -------------------
/opt/airflow/dags/daily_analytics_dag.py                           1           0  0.10s           2026-02-23T18:27:26
================================================================================
[2026-02-23T18:28:20.592+0000] {manager.py:878} INFO - 
================================================================================
DAG File Processing Stats

File Path                                 PID    Runtime      # DAGs    # Errors  Last Runtime    Last Run
----------------------------------------  -----  ---------  --------  ----------  --------------  -------------------
/opt/airflow/dags/daily_analytics_dag.py                           1           0  0.12s           2026-02-23T18:27:56
================================================================================
[2026-02-23T18:28:50.902+0000] {manager.py:878} INFO - 
================================================================================
DAG File Processing Stats

File Path                                 PID    Runtime      # DAGs    # Errors  Last Runtime    Last Run
----------------------------------------  -----  ---------  --------  ----------  --------------  -------------------
/opt/airflow/dags/daily_analytics_dag.py                           1           0  0.16s           2026-02-23T18:28:26
================================================================================
[2026-02-23T18:29:21.239+0000] {manager.py:878} INFO - 
================================================================================
DAG File Processing Stats

File Path                                 PID    Runtime      # DAGs    # Errors  Last Runtime    Last Run
----------------------------------------  -----  ---------  --------  ----------  --------------  -------------------
/opt/airflow/dags/daily_analytics_dag.py                           1           0  0.13s           2026-02-23T18:28:57
================================================================================
[2026-02-23T18:29:51.556+0000] {manager.py:878} INFO - 
================================================================================
DAG File Processing Stats

File Path                                 PID    Runtime      # DAGs    # Errors  Last Runtime    Last Run
----------------------------------------  -----  ---------  --------  ----------  --------------  -------------------
/opt/airflow/dags/daily_analytics_dag.py                           1           0  0.13s           2026-02-23T18:29:27
================================================================================
[2026-02-23T18:30:21.853+0000] {manager.py:878} INFO - 
================================================================================
DAG File Processing Stats

File Path                                 PID    Runtime      # DAGs    # Errors  Last Runtime    Last Run
----------------------------------------  -----  ---------  --------  ----------  --------------  -------------------
/opt/airflow/dags/daily_analytics_dag.py                           1           0  0.12s           2026-02-23T18:29:57
================================================================================
[2026-02-23T18:30:52.142+0000] {manager.py:878} INFO - 
================================================================================
DAG File Processing Stats

File Path                                 PID    Runtime      # DAGs    # Errors  Last Runtime    Last Run
----------------------------------------  -----  ---------  --------  ----------  --------------  -------------------
/opt/airflow/dags/daily_analytics_dag.py                           1           0  0.08s           2026-02-23T18:30:28
================================================================================
[2026-02-23T18:31:22.475+0000] {manager.py:878} INFO - 
================================================================================
DAG File Processing Stats

File Path                                 PID    Runtime      # DAGs    # Errors  Last Runtime    Last Run
----------------------------------------  -----  ---------  --------  ----------  --------------  -------------------
/opt/airflow/dags/daily_analytics_dag.py                           1           0  0.13s           2026-02-23T18:30:58
================================================================================
[2026-02-23T18:31:22.484+0000] {manager.py:737} INFO - Searching for files in /opt/airflow/dags
[2026-02-23T18:31:22.490+0000] {manager.py:740} INFO - There are 1 files in /opt/airflow/dags
[2026-02-23T18:31:52.771+0000] {manager.py:878} INFO - 
================================================================================
DAG File Processing Stats

File Path                                 PID    Runtime      # DAGs    # Errors  Last Runtime    Last Run
----------------------------------------  -----  ---------  --------  ----------  --------------  -------------------
/opt/airflow/dags/daily_analytics_dag.py                           1           0  0.13s           2026-02-23T18:31:28
================================================================================
[2026-02-23T18:47:09.842+0000] {manager.py:737} INFO - Searching for files in /opt/airflow/dags
[2026-02-23T18:47:09.851+0000] {manager.py:740} INFO - There are 1 files in /opt/airflow/dags
[2026-02-23T18:47:21.000+0000] {manager.py:878} INFO - 
================================================================================
DAG File Processing Stats

File Path                                 PID    Runtime      # DAGs    # Errors  Last Runtime    Last Run
----------------------------------------  -----  ---------  --------  ----------  --------------  -------------------
/opt/airflow/dags/daily_analytics_dag.py                           1           0  0.08s           2026-02-23T18:47:09
================================================================================
[2026-02-23T18:47:51.296+0000] {manager.py:878} INFO - 
================================================================================
DAG File Processing Stats

File Path                                 PID    Runtime      # DAGs    # Errors  Last Runtime    Last Run
----------------------------------------  -----  ---------  --------  ----------  --------------  -------------------
/opt/airflow/dags/daily_analytics_dag.py                           1           0  0.11s           2026-02-23T18:47:40
================================================================================
[2026-02-23T19:09:45.217+0000] {manager.py:737} INFO - Searching for files in /opt/airflow/dags
[2026-02-23T19:09:45.228+0000] {manager.py:740} INFO - There are 1 files in /opt/airflow/dags
[2026-02-23T19:09:57.401+0000] {manager.py:878} INFO - 
================================================================================
DAG File Processing Stats

File Path                                 PID    Runtime      # DAGs    # Errors  Last Runtime    Last Run
----------------------------------------  -----  ---------  --------  ----------  --------------  -------------------
/opt/airflow/dags/daily_analytics_dag.py                           1           0  0.12s           2026-02-23T19:09:45
================================================================================
[2026-02-23T19:11:41.595+0000] {manager.py:878} INFO - 
================================================================================
DAG File Processing Stats

File Path                                 PID    Runtime      # DAGs    # Errors  Last Runtime    Last Run
----------------------------------------  -----  ---------  --------  ----------  --------------  -------------------
/opt/airflow/dags/daily_analytics_dag.py                           1           0  0.13s           2026-02-23T19:11:28
================================================================================
[2026-02-23T19:13:30.619+0000] {manager.py:878} INFO - 
================================================================================
DAG File Processing Stats

File Path                                 PID    Runtime      # DAGs    # Errors  Last Runtime    Last Run
----------------------------------------  -----  ---------  --------  ----------  --------------  -------------------
/opt/airflow/dags/daily_analytics_dag.py                           1           0  0.12s           2026-02-23T19:13:17
================================================================================
[2026-02-23T19:16:56.909+0000] {manager.py:737} INFO - Searching for files in /opt/airflow/dags
[2026-02-23T19:16:56.918+0000] {manager.py:740} INFO - There are 1 files in /opt/airflow/dags
[2026-02-23T19:17:10.121+0000] {manager.py:878} INFO - 
================================================================================
DAG File Processing Stats

File Path                                 PID    Runtime      # DAGs    # Errors  Last Runtime    Last Run
----------------------------------------  -----  ---------  --------  ----------  --------------  -------------------
/opt/airflow/dags/daily_analytics_dag.py                           1           0  0.10s           2026-02-23T19:16:57
================================================================================
[2026-02-23T19:20:48.645+0000] {manager.py:878} INFO - 
================================================================================
DAG File Processing Stats

File Path                                 PID    Runtime      # DAGs    # Errors  Last Runtime    Last Run
----------------------------------------  -----  ---------  --------  ----------  --------------  -------------------
/opt/airflow/dags/daily_analytics_dag.py                           1           0  0.11s           2026-02-23T19:20:34
================================================================================
[2026-02-23T19:24:16.412+0000] {manager.py:737} INFO - Searching for files in /opt/airflow/dags
[2026-02-23T19:24:16.417+0000] {manager.py:740} INFO - There are 1 files in /opt/airflow/dags
[2026-02-23T19:24:30.564+0000] {manager.py:878} INFO - 
================================================================================
DAG File Processing Stats

File Path                                 PID    Runtime      # DAGs    # Errors  Last Runtime    Last Run
----------------------------------------  -----  ---------  --------  ----------  --------------  -------------------
/opt/airflow/dags/daily_analytics_dag.py                           1           0  0.08s           2026-02-23T19:24:16
================================================================================
[2026-02-23T19:28:13.051+0000] {manager.py:878} INFO - 
================================================================================
DAG File Processing Stats

File Path                                 PID    Runtime      # DAGs    # Errors  Last Runtime    Last Run
----------------------------------------  -----  ---------  --------  ----------  --------------  -------------------
/opt/airflow/dags/daily_analytics_dag.py                           1           0  0.17s           2026-02-23T19:27:58
================================================================================
[2026-02-23T19:31:36.868+0000] {manager.py:737} INFO - Searching for files in /opt/airflow/dags
[2026-02-23T19:31:36.875+0000] {manager.py:740} INFO - There are 1 files in /opt/airflow/dags
[2026-02-23T19:31:52.068+0000] {manager.py:878} INFO - 
================================================================================
DAG File Processing Stats

File Path                                 PID    Runtime      # DAGs    # Errors  Last Runtime    Last Run
----------------------------------------  -----  ---------  --------  ----------  --------------  -------------------
/opt/airflow/dags/daily_analytics_dag.py                           1           0  0.10s           2026-02-23T19:31:36
================================================================================
[2026-02-23T19:34:36.975+0000] {manager.py:878} INFO - 
================================================================================
DAG File Processing Stats

File Path                                 PID    Runtime      # DAGs    # Errors  Last Runtime    Last Run
----------------------------------------  -----  ---------  --------  ----------  --------------  -------------------
/opt/airflow/dags/daily_analytics_dag.py                           1           0  0.14s           2026-02-23T19:34:20
================================================================================
[2026-02-23T19:35:58.124+0000] {manager.py:878} INFO - 
================================================================================
DAG File Processing Stats

File Path                                 PID    Runtime      # DAGs    # Errors  Last Runtime    Last Run
----------------------------------------  -----  ---------  --------  ----------  --------------  -------------------
/opt/airflow/dags/daily_analytics_dag.py                           1           0  0.14s           2026-02-23T19:35:41
================================================================================
[2026-02-23T19:36:28.554+0000] {manager.py:878} INFO - 
================================================================================
DAG File Processing Stats

File Path                                 PID    Runtime      # DAGs    # Errors  Last Runtime    Last Run
----------------------------------------  -----  ---------  --------  ----------  --------------  -------------------
/opt/airflow/dags/daily_analytics_dag.py                           1           0  0.20s           2026-02-23T19:36:12
================================================================================
[2026-02-23T19:36:37.661+0000] {manager.py:737} INFO - Searching for files in /opt/airflow/dags
[2026-02-23T19:36:37.677+0000] {manager.py:740} INFO - There are 1 files in /opt/airflow/dags
[2026-02-23T19:37:43.809+0000] {manager.py:878} INFO - 
================================================================================
DAG File Processing Stats

File Path                                 PID    Runtime      # DAGs    # Errors  Last Runtime    Last Run
----------------------------------------  -----  ---------  --------  ----------  --------------  -------------------
/opt/airflow/dags/daily_analytics_dag.py                           1           0  0.12s           2026-02-23T19:37:26
================================================================================
[2026-02-23T19:38:14.183+0000] {manager.py:878} INFO - 
================================================================================
DAG File Processing Stats

File Path                                 PID    Runtime      # DAGs    # Errors  Last Runtime    Last Run
----------------------------------------  -----  ---------  --------  ----------  --------------  -------------------
/opt/airflow/dags/daily_analytics_dag.py                           1           0  0.16s           2026-02-23T19:37:57
================================================================================
[2026-02-23T19:38:44.587+0000] {manager.py:878} INFO - 
================================================================================
DAG File Processing Stats

File Path                                 PID    Runtime      # DAGs    # Errors  Last Runtime    Last Run
----------------------------------------  -----  ---------  --------  ----------  --------------  -------------------
/opt/airflow/dags/daily_analytics_dag.py                           1           0  0.15s           2026-02-23T19:38:27
================================================================================
[2026-02-23T19:39:20.914+0000] {manager.py:878} INFO - 
================================================================================
DAG File Processing Stats

File Path                                 PID    Runtime      # DAGs    # Errors  Last Runtime    Last Run
----------------------------------------  -----  ---------  --------  ----------  --------------  -------------------
/opt/airflow/dags/daily_analytics_dag.py                           1           0  0.18s           2026-02-23T19:39:02
================================================================================
[2026-02-23T19:40:32.659+0000] {manager.py:878} INFO - 
================================================================================
DAG File Processing Stats

File Path                                 PID    Runtime      # DAGs    # Errors  Last Runtime    Last Run
----------------------------------------  -----  ---------  --------  ----------  --------------  -------------------
/opt/airflow/dags/daily_analytics_dag.py                           1           0  0.18s           2026-02-23T19:40:13
================================================================================
[2026-02-23T19:41:02.975+0000] {manager.py:878} INFO - 
================================================================================
DAG File Processing Stats

File Path                                 PID    Runtime      # DAGs    # Errors  Last Runtime    Last Run
----------------------------------------  -----  ---------  --------  ----------  --------------  -------------------
/opt/airflow/dags/daily_analytics_dag.py                           1           0  0.13s           2026-02-23T19:40:43
================================================================================
[2026-02-23T19:41:33.349+0000] {manager.py:878} INFO - 
================================================================================
DAG File Processing Stats

File Path                                 PID    Runtime      # DAGs    # Errors  Last Runtime    Last Run
----------------------------------------  -----  ---------  --------  ----------  --------------  -------------------
/opt/airflow/dags/daily_analytics_dag.py                           1           0  0.12s           2026-02-23T19:41:14
================================================================================
[2026-02-23T19:41:38.396+0000] {manager.py:737} INFO - Searching for files in /opt/airflow/dags
[2026-02-23T19:41:38.411+0000] {manager.py:740} INFO - There are 1 files in /opt/airflow/dags
[2026-02-23T19:42:03.671+0000] {manager.py:878} INFO - 
================================================================================
DAG File Processing Stats

File Path                                 PID    Runtime      # DAGs    # Errors  Last Runtime    Last Run
----------------------------------------  -----  ---------  --------  ----------  --------------  -------------------
/opt/airflow/dags/daily_analytics_dag.py                           1           0  0.11s           2026-02-23T19:41:44
================================================================================
[2026-02-23T19:42:33.931+0000] {manager.py:878} INFO - 
================================================================================
DAG File Processing Stats

File Path                                 PID    Runtime      # DAGs    # Errors  Last Runtime    Last Run
----------------------------------------  -----  ---------  --------  ----------  --------------  -------------------
/opt/airflow/dags/daily_analytics_dag.py                           1           0  0.12s           2026-02-23T19:42:14
================================================================================
[2026-02-23T19:43:04.295+0000] {manager.py:878} INFO - 
================================================================================
DAG File Processing Stats

File Path                                 PID    Runtime      # DAGs    # Errors  Last Runtime    Last Run
----------------------------------------  -----  ---------  --------  ----------  --------------  -------------------
/opt/airflow/dags/daily_analytics_dag.py                           1           0  0.15s           2026-02-23T19:42:45
================================================================================
[2026-02-23T19:43:34.703+0000] {manager.py:878} INFO - 
================================================================================
DAG File Processing Stats

File Path                                 PID    Runtime      # DAGs    # Errors  Last Runtime    Last Run
----------------------------------------  -----  ---------  --------  ----------  --------------  -------------------
/opt/airflow/dags/daily_analytics_dag.py                           1           0  0.14s           2026-02-23T19:43:15
================================================================================
[2026-02-23T19:44:04.995+0000] {manager.py:878} INFO - 
================================================================================
DAG File Processing Stats

File Path                                 PID    Runtime      # DAGs    # Errors  Last Runtime    Last Run
----------------------------------------  -----  ---------  --------  ----------  --------------  -------------------
/opt/airflow/dags/daily_analytics_dag.py                           1           0  0.12s           2026-02-23T19:43:45
================================================================================
[2026-02-23T19:44:35.298+0000] {manager.py:878} INFO - 
================================================================================
DAG File Processing Stats

File Path                                 PID    Runtime      # DAGs    # Errors  Last Runtime    Last Run
----------------------------------------  -----  ---------  --------  ----------  --------------  -------------------
/opt/airflow/dags/daily_analytics_dag.py                           1           0  0.12s           2026-02-23T19:44:16
================================================================================
[2026-02-23T19:45:05.605+0000] {manager.py:878} INFO - 
================================================================================
DAG File Processing Stats

File Path                                 PID    Runtime      # DAGs    # Errors  Last Runtime    Last Run
----------------------------------------  -----  ---------  --------  ----------  --------------  -------------------
/opt/airflow/dags/daily_analytics_dag.py                           1           0  0.17s           2026-02-23T19:44:46
================================================================================
[2026-02-23T19:45:35.933+0000] {manager.py:878} INFO - 
================================================================================
DAG File Processing Stats

File Path                                 PID    Runtime      # DAGs    # Errors  Last Runtime    Last Run
----------------------------------------  -----  ---------  --------  ----------  --------------  -------------------
/opt/airflow/dags/daily_analytics_dag.py                           1           0  0.13s           2026-02-23T19:45:16
================================================================================
[2026-02-23T19:46:06.241+0000] {manager.py:878} INFO - 
================================================================================
DAG File Processing Stats

File Path                                 PID    Runtime      # DAGs    # Errors  Last Runtime    Last Run
----------------------------------------  -----  ---------  --------  ----------  --------------  -------------------
/opt/airflow/dags/daily_analytics_dag.py                           1           0  0.13s           2026-02-23T19:45:47
================================================================================
[2026-02-23T19:46:36.514+0000] {manager.py:878} INFO - 
================================================================================
DAG File Processing Stats

File Path                                 PID    Runtime      # DAGs    # Errors  Last Runtime    Last Run
----------------------------------------  -----  ---------  --------  ----------  --------------  -------------------
/opt/airflow/dags/daily_analytics_dag.py                           1           0  0.10s           2026-02-23T19:46:17
================================================================================
[2026-02-23T19:46:38.527+0000] {manager.py:737} INFO - Searching for files in /opt/airflow/dags
[2026-02-23T19:46:38.530+0000] {manager.py:740} INFO - There are 1 files in /opt/airflow/dags
[2026-02-23T19:47:06.844+0000] {manager.py:878} INFO - 
================================================================================
DAG File Processing Stats

File Path                                 PID    Runtime      # DAGs    # Errors  Last Runtime    Last Run
----------------------------------------  -----  ---------  --------  ----------  --------------  -------------------
/opt/airflow/dags/daily_analytics_dag.py                           1           0  0.18s           2026-02-23T19:46:47
================================================================================
[2026-02-23T19:47:37.195+0000] {manager.py:878} INFO - 
================================================================================
DAG File Processing Stats

File Path                                 PID    Runtime      # DAGs    # Errors  Last Runtime    Last Run
----------------------------------------  -----  ---------  --------  ----------  --------------  -------------------
/opt/airflow/dags/daily_analytics_dag.py                           1           0  0.14s           2026-02-23T19:47:18
================================================================================
[2026-02-23T19:48:07.522+0000] {manager.py:878} INFO - 
================================================================================
DAG File Processing Stats

File Path                                 PID    Runtime      # DAGs    # Errors  Last Runtime    Last Run
----------------------------------------  -----  ---------  --------  ----------  --------------  -------------------
/opt/airflow/dags/daily_analytics_dag.py                           1           0  0.14s           2026-02-23T19:47:48
================================================================================
[2026-02-23T19:48:37.836+0000] {manager.py:878} INFO - 
================================================================================
DAG File Processing Stats

File Path                                 PID    Runtime      # DAGs    # Errors  Last Runtime    Last Run
----------------------------------------  -----  ---------  --------  ----------  --------------  -------------------
/opt/airflow/dags/daily_analytics_dag.py                           1           0  0.20s           2026-02-23T19:48:18
================================================================================
[2026-02-23T19:48:44.526+0000] {manager.py:452} INFO - Exiting gracefully upon receiving signal 15
[2026-02-23T19:49:19.870+0000] {manager.py:470} INFO - Processing files using up to 2 processes at a time 
[2026-02-23T19:49:19.871+0000] {manager.py:471} INFO - Process each file at most once every 30 seconds
[2026-02-23T19:49:19.872+0000] {manager.py:472} INFO - Checking for new files in /opt/airflow/dags every 300 seconds
[2026-02-23T19:49:19.875+0000] {manager.py:737} INFO - Searching for files in /opt/airflow/dags
[2026-02-23T19:49:19.879+0000] {manager.py:740} INFO - There are 1 files in /opt/airflow/dags
[2026-02-23T19:49:19.999+0000] {manager.py:878} INFO - 
================================================================================
DAG File Processing Stats

File Path                                   PID  Runtime      # DAGs    # Errors  Last Runtime    Last Run
----------------------------------------  -----  ---------  --------  ----------  --------------  ----------
/opt/airflow/dags/daily_analytics_dag.py    159  0.02s             0           0
================================================================================
[2026-02-23T19:49:50.216+0000] {manager.py:878} INFO - 
================================================================================
DAG File Processing Stats

File Path                                 PID    Runtime      # DAGs    # Errors  Last Runtime    Last Run
----------------------------------------  -----  ---------  --------  ----------  --------------  -------------------
/opt/airflow/dags/daily_analytics_dag.py                           1           0  0.47s           2026-02-23T19:49:20
================================================================================
[2026-02-23T19:50:21.042+0000] {manager.py:878} INFO - 
================================================================================
DAG File Processing Stats

File Path                                   PID  Runtime      # DAGs    # Errors  Last Runtime    Last Run
----------------------------------------  -----  ---------  --------  ----------  --------------  -------------------
/opt/airflow/dags/daily_analytics_dag.py    173  0.02s             1           0  0.19s           2026-02-23T19:49:50
================================================================================
[2026-02-23T19:50:51.344+0000] {manager.py:878} INFO - 
================================================================================
DAG File Processing Stats

File Path                                   PID  Runtime      # DAGs    # Errors  Last Runtime    Last Run
----------------------------------------  -----  ---------  --------  ----------  --------------  -------------------
/opt/airflow/dags/daily_analytics_dag.py    178  0.03s             1           0  0.13s           2026-02-23T19:50:21
================================================================================
[2026-02-23T19:51:21.657+0000] {manager.py:878} INFO - 
================================================================================
DAG File Processing Stats

File Path                                   PID  Runtime      # DAGs    # Errors  Last Runtime    Last Run
----------------------------------------  -----  ---------  --------  ----------  --------------  -------------------
/opt/airflow/dags/daily_analytics_dag.py    183  0.05s             1           0  0.11s           2026-02-23T19:50:51
================================================================================
[2026-02-23T19:51:51.992+0000] {manager.py:878} INFO - 
================================================================================
DAG File Processing Stats

File Path                                   PID  Runtime      # DAGs    # Errors  Last Runtime    Last Run
----------------------------------------  -----  ---------  --------  ----------  --------------  -------------------
/opt/airflow/dags/daily_analytics_dag.py    188  0.05s             1           0  0.17s           2026-02-23T19:51:21
================================================================================
[2026-02-23T19:52:22.295+0000] {manager.py:878} INFO - 
================================================================================
DAG File Processing Stats

File Path                                   PID  Runtime      # DAGs    # Errors  Last Runtime    Last Run
----------------------------------------  -----  ---------  --------  ----------  --------------  -------------------
/opt/airflow/dags/daily_analytics_dag.py    193  0.01s             1           0  0.14s           2026-02-23T19:51:52
================================================================================
[2026-02-23T19:52:52.607+0000] {manager.py:878} INFO - 
================================================================================
DAG File Processing Stats

File Path                                   PID  Runtime      # DAGs    # Errors  Last Runtime    Last Run
----------------------------------------  -----  ---------  --------  ----------  --------------  -------------------
/opt/airflow/dags/daily_analytics_dag.py    198  0.05s             1           0  0.08s           2026-02-23T19:52:22
================================================================================
[2026-02-23T19:53:22.896+0000] {manager.py:878} INFO - 
================================================================================
DAG File Processing Stats

File Path                                   PID  Runtime      # DAGs    # Errors  Last Runtime    Last Run
----------------------------------------  -----  ---------  --------  ----------  --------------  -------------------
/opt/airflow/dags/daily_analytics_dag.py    203  0.02s             1           0  0.16s           2026-02-23T19:52:52
================================================================================
[2026-02-23T19:53:53.343+0000] {manager.py:878} INFO - 
================================================================================
DAG File Processing Stats

File Path                                   PID  Runtime      # DAGs    # Errors  Last Runtime    Last Run
----------------------------------------  -----  ---------  --------  ----------  --------------  -------------------
/opt/airflow/dags/daily_analytics_dag.py    208  0.05s             1           0  0.12s           2026-02-23T19:53:22
================================================================================
[2026-02-23T19:54:20.595+0000] {manager.py:737} INFO - Searching for files in /opt/airflow/dags
[2026-02-23T19:54:20.601+0000] {manager.py:740} INFO - There are 1 files in /opt/airflow/dags
[2026-02-23T19:54:23.692+0000] {manager.py:878} INFO - 
================================================================================
DAG File Processing Stats

File Path                                   PID  Runtime      # DAGs    # Errors  Last Runtime    Last Run
----------------------------------------  -----  ---------  --------  ----------  --------------  -------------------
/opt/airflow/dags/daily_analytics_dag.py    215  0.03s             1           0  0.15s           2026-02-23T19:53:53
================================================================================
[2026-02-23T19:54:53.948+0000] {manager.py:878} INFO - 
================================================================================
DAG File Processing Stats

File Path                                   PID  Runtime      # DAGs    # Errors  Last Runtime    Last Run
----------------------------------------  -----  ---------  --------  ----------  --------------  -------------------
/opt/airflow/dags/daily_analytics_dag.py    222  0.03s             1           0  0.17s           2026-02-23T19:54:23
================================================================================
[2026-02-23T19:55:24.296+0000] {manager.py:878} INFO - 
================================================================================
DAG File Processing Stats

File Path                                   PID  Runtime      # DAGs    # Errors  Last Runtime    Last Run
----------------------------------------  -----  ---------  --------  ----------  --------------  -------------------
/opt/airflow/dags/daily_analytics_dag.py    227  0.02s             1           0  0.25s           2026-02-23T19:54:54
================================================================================
[2026-02-23T19:55:54.626+0000] {manager.py:878} INFO - 
================================================================================
DAG File Processing Stats

File Path                                   PID  Runtime      # DAGs    # Errors  Last Runtime    Last Run
----------------------------------------  -----  ---------  --------  ----------  --------------  -------------------
/opt/airflow/dags/daily_analytics_dag.py    232  0.04s             1           0  0.11s           2026-02-23T19:55:24
================================================================================
[2026-02-23T19:56:24.876+0000] {manager.py:878} INFO - 
================================================================================
DAG File Processing Stats

File Path                                   PID  Runtime      # DAGs    # Errors  Last Runtime    Last Run
----------------------------------------  -----  ---------  --------  ----------  --------------  -------------------
/opt/airflow/dags/daily_analytics_dag.py    237  0.04s             1           0  0.18s           2026-02-23T19:55:54
================================================================================
[2026-02-23T19:56:55.231+0000] {manager.py:878} INFO - 
================================================================================
DAG File Processing Stats

File Path                                 PID    Runtime      # DAGs    # Errors  Last Runtime    Last Run
----------------------------------------  -----  ---------  --------  ----------  --------------  -------------------
/opt/airflow/dags/daily_analytics_dag.py                           1           0  0.15s           2026-02-23T19:56:47
================================================================================
[2026-02-23T19:57:25.541+0000] {manager.py:878} INFO - 
================================================================================
DAG File Processing Stats

File Path                                 PID    Runtime      # DAGs    # Errors  Last Runtime    Last Run
----------------------------------------  -----  ---------  --------  ----------  --------------  -------------------
/opt/airflow/dags/daily_analytics_dag.py                           1           0  0.16s           2026-02-23T19:57:17
================================================================================
[2026-02-23T19:57:55.925+0000] {manager.py:878} INFO - 
================================================================================
DAG File Processing Stats

File Path                                 PID    Runtime      # DAGs    # Errors  Last Runtime    Last Run
----------------------------------------  -----  ---------  --------  ----------  --------------  -------------------
/opt/airflow/dags/daily_analytics_dag.py                           1           0  0.21s           2026-02-23T19:57:47
================================================================================
[2026-02-23T19:58:26.228+0000] {manager.py:878} INFO - 
================================================================================
DAG File Processing Stats

File Path                                 PID    Runtime      # DAGs    # Errors  Last Runtime    Last Run
----------------------------------------  -----  ---------  --------  ----------  --------------  -------------------
/opt/airflow/dags/daily_analytics_dag.py                           1           0  0.19s           2026-02-23T19:58:18
================================================================================
[2026-02-23T19:58:56.577+0000] {manager.py:878} INFO - 
================================================================================
DAG File Processing Stats

File Path                                 PID    Runtime      # DAGs    # Errors  Last Runtime    Last Run
----------------------------------------  -----  ---------  --------  ----------  --------------  -------------------
/opt/airflow/dags/daily_analytics_dag.py                           1           0  0.18s           2026-02-23T19:58:48
================================================================================
[2026-02-23T19:59:20.959+0000] {manager.py:737} INFO - Searching for files in /opt/airflow/dags
[2026-02-23T19:59:20.966+0000] {manager.py:740} INFO - There are 1 files in /opt/airflow/dags
[2026-02-23T19:59:27.018+0000] {manager.py:878} INFO - 
================================================================================
DAG File Processing Stats

File Path                                 PID    Runtime      # DAGs    # Errors  Last Runtime    Last Run
----------------------------------------  -----  ---------  --------  ----------  --------------  -------------------
/opt/airflow/dags/daily_analytics_dag.py                           1           0  0.52s           2026-02-23T19:59:19
================================================================================
[2026-02-23T19:59:57.726+0000] {manager.py:878} INFO - 
================================================================================
DAG File Processing Stats

File Path                                 PID    Runtime      # DAGs    # Errors  Last Runtime    Last Run
----------------------------------------  -----  ---------  --------  ----------  --------------  -------------------
/opt/airflow/dags/daily_analytics_dag.py                           1           0  0.18s           2026-02-23T19:59:49
================================================================================
[2026-02-23T20:00:28.052+0000] {manager.py:878} INFO - 
================================================================================
DAG File Processing Stats

File Path                                 PID    Runtime      # DAGs    # Errors  Last Runtime    Last Run
----------------------------------------  -----  ---------  --------  ----------  --------------  -------------------
/opt/airflow/dags/daily_analytics_dag.py                           1           0  0.12s           2026-02-23T20:00:20
================================================================================
[2026-02-23T20:00:58.346+0000] {manager.py:878} INFO - 
================================================================================
DAG File Processing Stats

File Path                                 PID    Runtime      # DAGs    # Errors  Last Runtime    Last Run
----------------------------------------  -----  ---------  --------  ----------  --------------  -------------------
/opt/airflow/dags/daily_analytics_dag.py                           1           0  0.15s           2026-02-23T20:00:50
================================================================================
[2026-02-23T20:01:28.653+0000] {manager.py:878} INFO - 
================================================================================
DAG File Processing Stats

File Path                                 PID    Runtime      # DAGs    # Errors  Last Runtime    Last Run
----------------------------------------  -----  ---------  --------  ----------  --------------  -------------------
/opt/airflow/dags/daily_analytics_dag.py                           1           0  0.14s           2026-02-23T20:01:20
================================================================================
[2026-02-23T20:01:59.011+0000] {manager.py:878} INFO - 
================================================================================
DAG File Processing Stats

File Path                                 PID    Runtime      # DAGs    # Errors  Last Runtime    Last Run
----------------------------------------  -----  ---------  --------  ----------  --------------  -------------------
/opt/airflow/dags/daily_analytics_dag.py                           1           0  0.12s           2026-02-23T20:01:51
================================================================================
[2026-02-23T20:02:29.303+0000] {manager.py:878} INFO - 
================================================================================
DAG File Processing Stats

File Path                                 PID    Runtime      # DAGs    # Errors  Last Runtime    Last Run
----------------------------------------  -----  ---------  --------  ----------  --------------  -------------------
/opt/airflow/dags/daily_analytics_dag.py                           1           0  0.15s           2026-02-23T20:02:21
================================================================================
[2026-02-23T20:02:59.602+0000] {manager.py:878} INFO - 
================================================================================
DAG File Processing Stats

File Path                                 PID    Runtime      # DAGs    # Errors  Last Runtime    Last Run
----------------------------------------  -----  ---------  --------  ----------  --------------  -------------------
/opt/airflow/dags/daily_analytics_dag.py                           1           0  0.15s           2026-02-23T20:02:51
================================================================================
[2026-02-23T20:03:29.853+0000] {manager.py:878} INFO - 
================================================================================
DAG File Processing Stats

File Path                                 PID    Runtime      # DAGs    # Errors  Last Runtime    Last Run
----------------------------------------  -----  ---------  --------  ----------  --------------  -------------------
/opt/airflow/dags/daily_analytics_dag.py                           1           0  0.11s           2026-02-23T20:03:21
================================================================================
[2026-02-23T20:04:00.123+0000] {manager.py:878} INFO - 
================================================================================
DAG File Processing Stats

File Path                                 PID    Runtime      # DAGs    # Errors  Last Runtime    Last Run
----------------------------------------  -----  ---------  --------  ----------  --------------  -------------------
/opt/airflow/dags/daily_analytics_dag.py                           1           0  0.11s           2026-02-23T20:03:52
================================================================================
[2026-02-23T20:04:21.285+0000] {manager.py:737} INFO - Searching for files in /opt/airflow/dags
[2026-02-23T20:04:21.296+0000] {manager.py:740} INFO - There are 1 files in /opt/airflow/dags
[2026-02-23T20:04:30.423+0000] {manager.py:878} INFO - 
================================================================================
DAG File Processing Stats

File Path                                 PID    Runtime      # DAGs    # Errors  Last Runtime    Last Run
----------------------------------------  -----  ---------  --------  ----------  --------------  -------------------
/opt/airflow/dags/daily_analytics_dag.py                           1           0  0.14s           2026-02-23T20:04:22
================================================================================
[2026-02-23T20:05:00.692+0000] {manager.py:878} INFO - 
================================================================================
DAG File Processing Stats

File Path                                 PID    Runtime      # DAGs    # Errors  Last Runtime    Last Run
----------------------------------------  -----  ---------  --------  ----------  --------------  -------------------
/opt/airflow/dags/daily_analytics_dag.py                           1           0  0.17s           2026-02-23T20:04:52
================================================================================
[2026-02-23T20:05:30.989+0000] {manager.py:878} INFO - 
================================================================================
DAG File Processing Stats

File Path                                 PID    Runtime      # DAGs    # Errors  Last Runtime    Last Run
----------------------------------------  -----  ---------  --------  ----------  --------------  -------------------
/opt/airflow/dags/daily_analytics_dag.py                           1           0  0.14s           2026-02-23T20:05:22
================================================================================
[2026-02-23T20:06:01.375+0000] {manager.py:878} INFO - 
================================================================================
DAG File Processing Stats

File Path                                 PID    Runtime      # DAGs    # Errors  Last Runtime    Last Run
----------------------------------------  -----  ---------  --------  ----------  --------------  -------------------
/opt/airflow/dags/daily_analytics_dag.py                           1           0  0.13s           2026-02-23T20:05:53
================================================================================
[2026-02-23T20:06:31.711+0000] {manager.py:878} INFO - 
================================================================================
DAG File Processing Stats

File Path                                 PID    Runtime      # DAGs    # Errors  Last Runtime    Last Run
----------------------------------------  -----  ---------  --------  ----------  --------------  -------------------
/opt/airflow/dags/daily_analytics_dag.py                           1           0  0.19s           2026-02-23T20:06:23
================================================================================
[2026-02-23T20:07:02.050+0000] {manager.py:878} INFO - 
================================================================================
DAG File Processing Stats

File Path                                 PID    Runtime      # DAGs    # Errors  Last Runtime    Last Run
----------------------------------------  -----  ---------  --------  ----------  --------------  -------------------
/opt/airflow/dags/daily_analytics_dag.py                           1           0  0.12s           2026-02-23T20:06:54
================================================================================
[2026-02-23T20:07:32.453+0000] {manager.py:878} INFO - 
================================================================================
DAG File Processing Stats

File Path                                 PID    Runtime      # DAGs    # Errors  Last Runtime    Last Run
----------------------------------------  -----  ---------  --------  ----------  --------------  -------------------
/opt/airflow/dags/daily_analytics_dag.py                           1           0  0.26s           2026-02-23T20:07:24
================================================================================
[2026-02-23T20:08:02.747+0000] {manager.py:878} INFO - 
================================================================================
DAG File Processing Stats

File Path                                 PID    Runtime      # DAGs    # Errors  Last Runtime    Last Run
----------------------------------------  -----  ---------  --------  ----------  --------------  -------------------
/opt/airflow/dags/daily_analytics_dag.py                           1           0  0.13s           2026-02-23T20:07:54
================================================================================
[2026-02-23T20:08:33.181+0000] {manager.py:878} INFO - 
================================================================================
DAG File Processing Stats

File Path                                 PID    Runtime      # DAGs    # Errors  Last Runtime    Last Run
----------------------------------------  -----  ---------  --------  ----------  --------------  -------------------
/opt/airflow/dags/daily_analytics_dag.py                           1           0  0.14s           2026-02-23T20:08:25
================================================================================
[2026-02-23T20:11:01.480+0000] {manager.py:737} INFO - Searching for files in /opt/airflow/dags
[2026-02-23T20:11:01.489+0000] {manager.py:740} INFO - There are 1 files in /opt/airflow/dags
[2026-02-23T20:11:20.731+0000] {manager.py:878} INFO - 
================================================================================
DAG File Processing Stats

File Path                                 PID    Runtime      # DAGs    # Errors  Last Runtime    Last Run
----------------------------------------  -----  ---------  --------  ----------  --------------  -------------------
/opt/airflow/dags/daily_analytics_dag.py                           1           0  0.08s           2026-02-23T20:11:01
================================================================================
[2026-02-23T20:12:36.377+0000] {manager.py:878} INFO - 
================================================================================
DAG File Processing Stats

File Path                                 PID    Runtime      # DAGs    # Errors  Last Runtime    Last Run
----------------------------------------  -----  ---------  --------  ----------  --------------  -------------------
/opt/airflow/dags/daily_analytics_dag.py                           1           0  0.10s           2026-02-23T20:12:16
================================================================================
[2026-02-23T20:14:12.269+0000] {manager.py:878} INFO - 
================================================================================
DAG File Processing Stats

File Path                                 PID    Runtime      # DAGs    # Errors  Last Runtime    Last Run
----------------------------------------  -----  ---------  --------  ----------  --------------  -------------------
/opt/airflow/dags/daily_analytics_dag.py                           1           0  0.12s           2026-02-23T20:13:52
================================================================================
[2026-02-23T20:17:31.938+0000] {manager.py:737} INFO - Searching for files in /opt/airflow/dags
[2026-02-23T20:17:31.946+0000] {manager.py:740} INFO - There are 1 files in /opt/airflow/dags
[2026-02-23T20:17:52.186+0000] {manager.py:878} INFO - 
================================================================================
DAG File Processing Stats

File Path                                 PID    Runtime      # DAGs    # Errors  Last Runtime    Last Run
----------------------------------------  -----  ---------  --------  ----------  --------------  -------------------
/opt/airflow/dags/daily_analytics_dag.py                           1           0  0.10s           2026-02-23T20:17:32
================================================================================
[2026-02-23T20:19:31.077+0000] {manager.py:878} INFO - 
================================================================================
DAG File Processing Stats

File Path                                 PID    Runtime      # DAGs    # Errors  Last Runtime    Last Run
----------------------------------------  -----  ---------  --------  ----------  --------------  -------------------
/opt/airflow/dags/daily_analytics_dag.py                           1           0  0.14s           2026-02-23T20:19:09
================================================================================
[2026-02-23T20:20:01.424+0000] {manager.py:878} INFO - 
================================================================================
DAG File Processing Stats

File Path                                 PID    Runtime      # DAGs    # Errors  Last Runtime    Last Run
----------------------------------------  -----  ---------  --------  ----------  --------------  -------------------
/opt/airflow/dags/daily_analytics_dag.py                           1           0  0.13s           2026-02-23T20:19:40
================================================================================
[2026-02-23T20:20:31.681+0000] {manager.py:878} INFO - 
================================================================================
DAG File Processing Stats

File Path                                 PID    Runtime      # DAGs    # Errors  Last Runtime    Last Run
----------------------------------------  -----  ---------  --------  ----------  --------------  -------------------
/opt/airflow/dags/daily_analytics_dag.py                           1           0  0.08s           2026-02-23T20:20:10
================================================================================
[2026-02-23T20:21:01.966+0000] {manager.py:878} INFO - 
================================================================================
DAG File Processing Stats

File Path                                 PID    Runtime      # DAGs    # Errors  Last Runtime    Last Run
----------------------------------------  -----  ---------  --------  ----------  --------------  -------------------
/opt/airflow/dags/daily_analytics_dag.py                           1           0  0.15s           2026-02-23T20:20:40
================================================================================
[2026-02-23T20:21:32.273+0000] {manager.py:878} INFO - 
================================================================================
DAG File Processing Stats

File Path                                 PID    Runtime      # DAGs    # Errors  Last Runtime    Last Run
----------------------------------------  -----  ---------  --------  ----------  --------------  -------------------
/opt/airflow/dags/daily_analytics_dag.py                           1           0  0.11s           2026-02-23T20:21:11
================================================================================
[2026-02-23T20:22:02.583+0000] {manager.py:878} INFO - 
================================================================================
DAG File Processing Stats

File Path                                 PID    Runtime      # DAGs    # Errors  Last Runtime    Last Run
----------------------------------------  -----  ---------  --------  ----------  --------------  -------------------
/opt/airflow/dags/daily_analytics_dag.py                           1           0  0.12s           2026-02-23T20:21:41
================================================================================
[2026-02-23T20:22:32.929+0000] {manager.py:737} INFO - Searching for files in /opt/airflow/dags
[2026-02-23T20:22:32.943+0000] {manager.py:740} INFO - There are 1 files in /opt/airflow/dags
[2026-02-23T20:22:32.982+0000] {manager.py:878} INFO - 
================================================================================
DAG File Processing Stats

File Path                                 PID    Runtime      # DAGs    # Errors  Last Runtime    Last Run
----------------------------------------  -----  ---------  --------  ----------  --------------  -------------------
/opt/airflow/dags/daily_analytics_dag.py                           1           0  0.12s           2026-02-23T20:22:11
================================================================================
[2026-02-23T20:23:03.306+0000] {manager.py:878} INFO - 
================================================================================
DAG File Processing Stats

File Path                                 PID    Runtime      # DAGs    # Errors  Last Runtime    Last Run
----------------------------------------  -----  ---------  --------  ----------  --------------  -------------------
/opt/airflow/dags/daily_analytics_dag.py                           1           0  0.16s           2026-02-23T20:22:42
================================================================================
[2026-02-23T20:23:33.626+0000] {manager.py:878} INFO - 
================================================================================
DAG File Processing Stats

File Path                                 PID    Runtime      # DAGs    # Errors  Last Runtime    Last Run
----------------------------------------  -----  ---------  --------  ----------  --------------  -------------------
/opt/airflow/dags/daily_analytics_dag.py                           1           0  0.12s           2026-02-23T20:23:12
================================================================================
[2026-02-23T20:24:03.904+0000] {manager.py:878} INFO - 
================================================================================
DAG File Processing Stats

File Path                                 PID    Runtime      # DAGs    # Errors  Last Runtime    Last Run
----------------------------------------  -----  ---------  --------  ----------  --------------  -------------------
/opt/airflow/dags/daily_analytics_dag.py                           1           0  0.12s           2026-02-23T20:23:42
================================================================================
[2026-02-23T20:24:34.252+0000] {manager.py:878} INFO - 
================================================================================
DAG File Processing Stats

File Path                                 PID    Runtime      # DAGs    # Errors  Last Runtime    Last Run
----------------------------------------  -----  ---------  --------  ----------  --------------  -------------------
/opt/airflow/dags/daily_analytics_dag.py                           1           0  0.09s           2026-02-23T20:24:13
================================================================================
[2026-02-23T20:25:04.628+0000] {manager.py:878} INFO - 
================================================================================
DAG File Processing Stats

File Path                                 PID    Runtime      # DAGs    # Errors  Last Runtime    Last Run
----------------------------------------  -----  ---------  --------  ----------  --------------  -------------------
/opt/airflow/dags/daily_analytics_dag.py                           1           0  0.28s           2026-02-23T20:24:43
================================================================================
[2026-02-23T20:25:35.067+0000] {manager.py:878} INFO - 
================================================================================
DAG File Processing Stats

File Path                                 PID    Runtime      # DAGs    # Errors  Last Runtime    Last Run
----------------------------------------  -----  ---------  --------  ----------  --------------  -------------------
/opt/airflow/dags/daily_analytics_dag.py                           1           0  0.19s           2026-02-23T20:25:13
================================================================================
[2026-02-23T20:26:05.397+0000] {manager.py:878} INFO - 
================================================================================
DAG File Processing Stats

File Path                                 PID    Runtime      # DAGs    # Errors  Last Runtime    Last Run
----------------------------------------  -----  ---------  --------  ----------  --------------  -------------------
/opt/airflow/dags/daily_analytics_dag.py                           1           0  0.12s           2026-02-23T20:25:44
================================================================================
[2026-02-23T20:26:35.677+0000] {manager.py:878} INFO - 
================================================================================
DAG File Processing Stats

File Path                                 PID    Runtime      # DAGs    # Errors  Last Runtime    Last Run
----------------------------------------  -----  ---------  --------  ----------  --------------  -------------------
/opt/airflow/dags/daily_analytics_dag.py                           1           0  0.13s           2026-02-23T20:26:14
================================================================================
[2026-02-23T20:27:05.947+0000] {manager.py:878} INFO - 
================================================================================
DAG File Processing Stats

File Path                                 PID    Runtime      # DAGs    # Errors  Last Runtime    Last Run
----------------------------------------  -----  ---------  --------  ----------  --------------  -------------------
/opt/airflow/dags/daily_analytics_dag.py                           1           0  0.13s           2026-02-23T20:26:44
================================================================================
[2026-02-23T20:27:33.235+0000] {manager.py:737} INFO - Searching for files in /opt/airflow/dags
[2026-02-23T20:27:33.248+0000] {manager.py:740} INFO - There are 1 files in /opt/airflow/dags
[2026-02-23T20:27:36.301+0000] {manager.py:878} INFO - 
================================================================================
DAG File Processing Stats

File Path                                 PID    Runtime      # DAGs    # Errors  Last Runtime    Last Run
----------------------------------------  -----  ---------  --------  ----------  --------------  -------------------
/opt/airflow/dags/daily_analytics_dag.py                           1           0  0.11s           2026-02-23T20:27:15
================================================================================
[2026-02-23T20:28:06.604+0000] {manager.py:878} INFO - 
================================================================================
DAG File Processing Stats

File Path                                 PID    Runtime      # DAGs    # Errors  Last Runtime    Last Run
----------------------------------------  -----  ---------  --------  ----------  --------------  -------------------
/opt/airflow/dags/daily_analytics_dag.py                           1           0  0.12s           2026-02-23T20:27:45
================================================================================
[2026-02-23T20:28:36.911+0000] {manager.py:878} INFO - 
================================================================================
DAG File Processing Stats

File Path                                 PID    Runtime      # DAGs    # Errors  Last Runtime    Last Run
----------------------------------------  -----  ---------  --------  ----------  --------------  -------------------
/opt/airflow/dags/daily_analytics_dag.py                           1           0  0.12s           2026-02-23T20:28:15
================================================================================
[2026-02-23T20:29:07.227+0000] {manager.py:878} INFO - 
================================================================================
DAG File Processing Stats

File Path                                 PID    Runtime      # DAGs    # Errors  Last Runtime    Last Run
----------------------------------------  -----  ---------  --------  ----------  --------------  -------------------
/opt/airflow/dags/daily_analytics_dag.py                           1           0  0.12s           2026-02-23T20:28:46
================================================================================
[2026-02-23T20:29:37.528+0000] {manager.py:878} INFO - 
================================================================================
DAG File Processing Stats

File Path                                 PID    Runtime      # DAGs    # Errors  Last Runtime    Last Run
----------------------------------------  -----  ---------  --------  ----------  --------------  -------------------
/opt/airflow/dags/daily_analytics_dag.py                           1           0  0.12s           2026-02-23T20:29:16
================================================================================
[2026-02-23T20:30:07.845+0000] {manager.py:878} INFO - 
================================================================================
DAG File Processing Stats

File Path                                 PID    Runtime      # DAGs    # Errors  Last Runtime    Last Run
----------------------------------------  -----  ---------  --------  ----------  --------------  -------------------
/opt/airflow/dags/daily_analytics_dag.py                           1           0  0.16s           2026-02-23T20:29:46
================================================================================
[2026-02-23T20:30:38.214+0000] {manager.py:878} INFO - 
================================================================================
DAG File Processing Stats

File Path                                 PID    Runtime      # DAGs    # Errors  Last Runtime    Last Run
----------------------------------------  -----  ---------  --------  ----------  --------------  -------------------
/opt/airflow/dags/daily_analytics_dag.py                           1           0  0.14s           2026-02-23T20:30:17
================================================================================
[2026-02-23T20:31:08.508+0000] {manager.py:878} INFO - 
================================================================================
DAG File Processing Stats

File Path                                 PID    Runtime      # DAGs    # Errors  Last Runtime    Last Run
----------------------------------------  -----  ---------  --------  ----------  --------------  -------------------
/opt/airflow/dags/daily_analytics_dag.py                           1           0  0.14s           2026-02-23T20:30:47
================================================================================
[2026-02-23T20:31:38.825+0000] {manager.py:878} INFO - 
================================================================================
DAG File Processing Stats

File Path                                 PID    Runtime      # DAGs    # Errors  Last Runtime    Last Run
----------------------------------------  -----  ---------  --------  ----------  --------------  -------------------
/opt/airflow/dags/daily_analytics_dag.py                           1           0  0.12s           2026-02-23T20:31:17
================================================================================
[2026-02-23T20:32:09.337+0000] {manager.py:878} INFO - 
================================================================================
DAG File Processing Stats

File Path                                 PID    Runtime      # DAGs    # Errors  Last Runtime    Last Run
----------------------------------------  -----  ---------  --------  ----------  --------------  -------------------
/opt/airflow/dags/daily_analytics_dag.py                           1           0  0.12s           2026-02-23T20:31:48
================================================================================
[2026-02-23T20:32:33.593+0000] {manager.py:737} INFO - Searching for files in /opt/airflow/dags
[2026-02-23T20:32:33.608+0000] {manager.py:740} INFO - There are 1 files in /opt/airflow/dags
[2026-02-23T20:32:39.675+0000] {manager.py:878} INFO - 
================================================================================
DAG File Processing Stats

File Path                                 PID    Runtime      # DAGs    # Errors  Last Runtime    Last Run
----------------------------------------  -----  ---------  --------  ----------  --------------  -------------------
/opt/airflow/dags/daily_analytics_dag.py                           1           0  0.13s           2026-02-23T20:32:18
================================================================================
[2026-02-23T20:33:09.980+0000] {manager.py:878} INFO - 
================================================================================
DAG File Processing Stats

File Path                                 PID    Runtime      # DAGs    # Errors  Last Runtime    Last Run
----------------------------------------  -----  ---------  --------  ----------  --------------  -------------------
/opt/airflow/dags/daily_analytics_dag.py                           1           0  0.10s           2026-02-23T20:32:48
================================================================================
[2026-02-23T20:33:40.346+0000] {manager.py:878} INFO - 
================================================================================
DAG File Processing Stats

File Path                                 PID    Runtime      # DAGs    # Errors  Last Runtime    Last Run
----------------------------------------  -----  ---------  --------  ----------  --------------  -------------------
/opt/airflow/dags/daily_analytics_dag.py                           1           0  0.14s           2026-02-23T20:33:19
================================================================================
[2026-02-23T20:34:10.642+0000] {manager.py:878} INFO - 
================================================================================
DAG File Processing Stats

File Path                                 PID    Runtime      # DAGs    # Errors  Last Runtime    Last Run
----------------------------------------  -----  ---------  --------  ----------  --------------  -------------------
/opt/airflow/dags/daily_analytics_dag.py                           1           0  0.12s           2026-02-23T20:33:49
================================================================================
[2026-02-23T20:34:40.964+0000] {manager.py:878} INFO - 
================================================================================
DAG File Processing Stats

File Path                                 PID    Runtime      # DAGs    # Errors  Last Runtime    Last Run
----------------------------------------  -----  ---------  --------  ----------  --------------  -------------------
/opt/airflow/dags/daily_analytics_dag.py                           1           0  0.15s           2026-02-23T20:34:19
================================================================================
[2026-02-23T20:35:11.303+0000] {manager.py:878} INFO - 
================================================================================
DAG File Processing Stats

File Path                                 PID    Runtime      # DAGs    # Errors  Last Runtime    Last Run
----------------------------------------  -----  ---------  --------  ----------  --------------  -------------------
/opt/airflow/dags/daily_analytics_dag.py                           1           0  0.12s           2026-02-23T20:34:50
================================================================================
[2026-02-23T20:35:41.594+0000] {manager.py:878} INFO - 
================================================================================
DAG File Processing Stats

File Path                                 PID    Runtime      # DAGs    # Errors  Last Runtime    Last Run
----------------------------------------  -----  ---------  --------  ----------  --------------  -------------------
/opt/airflow/dags/daily_analytics_dag.py                           1           0  0.10s           2026-02-23T20:35:20
================================================================================
[2026-02-23T20:36:11.930+0000] {manager.py:878} INFO - 
================================================================================
DAG File Processing Stats

File Path                                 PID    Runtime      # DAGs    # Errors  Last Runtime    Last Run
----------------------------------------  -----  ---------  --------  ----------  --------------  -------------------
/opt/airflow/dags/daily_analytics_dag.py                           1           0  0.11s           2026-02-23T20:35:50
================================================================================
[2026-02-23T20:36:42.293+0000] {manager.py:878} INFO - 
================================================================================
DAG File Processing Stats

File Path                                 PID    Runtime      # DAGs    # Errors  Last Runtime    Last Run
----------------------------------------  -----  ---------  --------  ----------  --------------  -------------------
/opt/airflow/dags/daily_analytics_dag.py                           1           0  0.15s           2026-02-23T20:36:21
================================================================================
[2026-02-23T20:37:12.588+0000] {manager.py:878} INFO - 
================================================================================
DAG File Processing Stats

File Path                                 PID    Runtime      # DAGs    # Errors  Last Runtime    Last Run
----------------------------------------  -----  ---------  --------  ----------  --------------  -------------------
/opt/airflow/dags/daily_analytics_dag.py                           1           0  0.29s           2026-02-23T20:36:51
================================================================================
[2026-02-23T20:37:33.959+0000] {manager.py:737} INFO - Searching for files in /opt/airflow/dags
[2026-02-23T20:37:33.969+0000] {manager.py:740} INFO - There are 1 files in /opt/airflow/dags
[2026-02-23T20:37:43.032+0000] {manager.py:878} INFO - 
================================================================================
DAG File Processing Stats

File Path                                 PID    Runtime      # DAGs    # Errors  Last Runtime    Last Run
----------------------------------------  -----  ---------  --------  ----------  --------------  -------------------
/opt/airflow/dags/daily_analytics_dag.py                           1           0  0.15s           2026-02-23T20:37:21
================================================================================
[2026-02-23T20:38:13.459+0000] {manager.py:878} INFO - 
================================================================================
DAG File Processing Stats

File Path                                 PID    Runtime      # DAGs    # Errors  Last Runtime    Last Run
----------------------------------------  -----  ---------  --------  ----------  --------------  -------------------
/opt/airflow/dags/daily_analytics_dag.py                           1           0  0.15s           2026-02-23T20:37:52
================================================================================
[2026-02-23T20:38:43.836+0000] {manager.py:878} INFO - 
================================================================================
DAG File Processing Stats

File Path                                 PID    Runtime      # DAGs    # Errors  Last Runtime    Last Run
----------------------------------------  -----  ---------  --------  ----------  --------------  -------------------
/opt/airflow/dags/daily_analytics_dag.py                           1           0  0.23s           2026-02-23T20:38:22
================================================================================
[2026-02-23T20:39:14.261+0000] {manager.py:878} INFO - 
================================================================================
DAG File Processing Stats

File Path                                 PID    Runtime      # DAGs    # Errors  Last Runtime    Last Run
----------------------------------------  -----  ---------  --------  ----------  --------------  -------------------
/opt/airflow/dags/daily_analytics_dag.py                           1           0  0.16s           2026-02-23T20:38:53
================================================================================
